year,geo,Traveller_characteristics,value
1972,Dawson,Residents of countries other than the United States of America entering Canada,0
1972,Dawson,Canadian-resident visitors returning to Canada,1
1972,Dawson,United States of America residents entering Canada,172
1972,Beaver Creek,Canadian-resident visitors returning to Canada,4969
1972,Fraser,Canadian-resident visitors returning to Canada,2687
1972,Fraser,United States of America residents entering Canada,25829
1972,Fraser,Residents of countries other than the United States of America entering Canada,299
1972,Beaver Creek,Residents of countries other than the United States of America entering Canada,206
1972,Pleasant Camp,United States of America residents entering Canada,22706
1972,Little Gold Creek,Canadian-resident visitors returning to Canada,1823
1972,Pleasant Camp,Residents of countries other than the United States of America entering Canada,44
1972,Beaver Creek,United States of America residents entering Canada,69057
1972,Whitehorse,Canadian-resident visitors returning to Canada,1143
1972,Little Gold Creek,Residents of countries other than the United States of America entering Canada,101
1972,Whitehorse,Residents of countries other than the United States of America entering Canada,47
1972,Little Gold Creek,United States of America residents entering Canada,8034
1972,Old Crow,Canadian-resident visitors returning to Canada,48
1972,Old Crow,United States of America residents entering Canada,115
1972,Old Crow,Residents of countries other than the United States of America entering Canada,0
1972,Pleasant Camp,Canadian-resident visitors returning to Canada,4943
1972,Whitehorse,United States of America residents entering Canada,6073
1985,Dawson,United States of America residents entering Canada,2907
1985,Dawson,Residents of countries other than the United States of America entering Canada,134
1985,Beaver Creek,United States of America residents entering Canada,113939
1985,Beaver Creek,Canadian-resident visitors returning to Canada,9641
1985,Fraser,Residents of countries other than the United States of America entering Canada,2160
1985,Beaver Creek,Residents of countries other than the United States of America entering Canada,2269
1985,Dawson,Canadian-resident visitors returning to Canada,747
1985,Little Gold Creek,United States of America residents entering Canada,9874
1985,Whitehorse,Residents of countries other than the United States of America entering Canada,84
1985,Old Crow,United States of America residents entering Canada,143
1985,Fraser,Canadian-resident visitors returning to Canada,23975
1985,Pleasant Camp,Residents of countries other than the United States of America entering Canada,564
1985,Fraser,United States of America residents entering Canada,54884
1985,Little Gold Creek,Canadian-resident visitors returning to Canada,3742
1985,Little Gold Creek,Residents of countries other than the United States of America entering Canada,443
1985,Old Crow,Canadian-resident visitors returning to Canada,112
1985,Old Crow,Residents of countries other than the United States of America entering Canada,0
1985,Pleasant Camp,Canadian-resident visitors returning to Canada,7060
1985,Pleasant Camp,United States of America residents entering Canada,24988
1985,Whitehorse,Canadian-resident visitors returning to Canada,1306
1985,Whitehorse,United States of America residents entering Canada,6004
1986,Beaver Creek,Residents of countries other than the United States of America entering Canada,2746
1986,Dawson,United States of America residents entering Canada,2668
1986,Beaver Creek,Canadian-resident visitors returning to Canada,8259
1974,Beaver Creek,Residents of countries other than the United States of America entering Canada,449
1974,Beaver Creek,United States of America residents entering Canada,64095
1974,Dawson,Canadian-resident visitors returning to Canada,13
1974,Beaver Creek,Canadian-resident visitors returning to Canada,6200
1974,Dawson,Residents of countries other than the United States of America entering Canada,0
1974,Dawson,United States of America residents entering Canada,245
1974,Fraser,Canadian-resident visitors returning to Canada,2547
1974,Little Gold Creek,Canadian-resident visitors returning to Canada,2581
1974,Little Gold Creek,United States of America residents entering Canada,7025
1974,Old Crow,Canadian-resident visitors returning to Canada,16
1974,Fraser,Residents of countries other than the United States of America entering Canada,362
1974,Whitehorse,United States of America residents entering Canada,6846
1974,Old Crow,United States of America residents entering Canada,87
1974,Fraser,United States of America residents entering Canada,34800
1974,Pleasant Camp,United States of America residents entering Canada,31789
1974,Little Gold Creek,Residents of countries other than the United States of America entering Canada,247
1974,Old Crow,Residents of countries other than the United States of America entering Canada,0
1974,Pleasant Camp,Canadian-resident visitors returning to Canada,5994
1974,Pleasant Camp,Residents of countries other than the United States of America entering Canada,168
1974,Whitehorse,Canadian-resident visitors returning to Canada,1543
1974,Whitehorse,Residents of countries other than the United States of America entering Canada,0
1976,Dawson,Residents of countries other than the United States of America entering Canada,0
1976,Beaver Creek,Canadian-resident visitors returning to Canada,4420
1976,Beaver Creek,United States of America residents entering Canada,72905
1976,Dawson,Canadian-resident visitors returning to Canada,32
1976,Dawson,United States of America residents entering Canada,469
1976,Beaver Creek,Residents of countries other than the United States of America entering Canada,552
1976,Fraser,Residents of countries other than the United States of America entering Canada,780
1976,Fraser,Canadian-resident visitors returning to Canada,3110
1976,Little Gold Creek,Canadian-resident visitors returning to Canada,2765
1976,Little Gold Creek,United States of America residents entering Canada,9023
1976,Whitehorse,Residents of countries other than the United States of America entering Canada,0
1976,Fraser,United States of America residents entering Canada,41686
1976,Old Crow,United States of America residents entering Canada,32
1976,Little Gold Creek,Residents of countries other than the United States of America entering Canada,412
1976,Pleasant Camp,Residents of countries other than the United States of America entering Canada,198
1976,Old Crow,Canadian-resident visitors returning to Canada,51
1976,Old Crow,Residents of countries other than the United States of America entering Canada,0
1976,Pleasant Camp,Canadian-resident visitors returning to Canada,6022
1976,Pleasant Camp,United States of America residents entering Canada,29247
1976,Whitehorse,Canadian-resident visitors returning to Canada,1818
1976,Whitehorse,United States of America residents entering Canada,8393
1981,Beaver Creek,Canadian-resident visitors returning to Canada,9887
1981,Beaver Creek,United States of America residents entering Canada,71592
1981,Dawson,Residents of countries other than the United States of America entering Canada,0
1986,Dawson,Residents of countries other than the United States of America entering Canada,137
1986,Beaver Creek,United States of America residents entering Canada,119935
1986,Fraser,Canadian-resident visitors returning to Canada,32503
1986,Dawson,Canadian-resident visitors returning to Canada,568
1986,Fraser,Residents of countries other than the United States of America entering Canada,3442
1986,Fraser,United States of America residents entering Canada,62367
1986,Whitehorse,Residents of countries other than the United States of America entering Canada,141
1986,Old Crow,Residents of countries other than the United States of America entering Canada,0
1986,Little Gold Creek,Canadian-resident visitors returning to Canada,2623
1986,Pleasant Camp,Canadian-resident visitors returning to Canada,7169
1986,Little Gold Creek,Residents of countries other than the United States of America entering Canada,1325
1986,Pleasant Camp,Residents of countries other than the United States of America entering Canada,719
1986,Little Gold Creek,United States of America residents entering Canada,12355
1986,Old Crow,Canadian-resident visitors returning to Canada,140
1986,Old Crow,United States of America residents entering Canada,161
1986,Pleasant Camp,United States of America residents entering Canada,24333
1986,Whitehorse,Canadian-resident visitors returning to Canada,914
1986,Whitehorse,United States of America residents entering Canada,4885
1987,Beaver Creek,Residents of countries other than the United States of America entering Canada,3047
1987,Beaver Creek,Canadian-resident visitors returning to Canada,10664
1987,Dawson,Residents of countries other than the United States of America entering Canada,107
1987,Dawson,United States of America residents entering Canada,1288
1987,Beaver Creek,United States of America residents entering Canada,114628
1987,Dawson,Canadian-resident visitors returning to Canada,285
1987,Fraser,Canadian-resident visitors returning to Canada,35436
1987,Fraser,Residents of countries other than the United States of America entering Canada,4051
1987,Little Gold Creek,Canadian-resident visitors returning to Canada,4558
1987,Fraser,United States of America residents entering Canada,64122
1987,Pleasant Camp,United States of America residents entering Canada,24472
1987,Little Gold Creek,Residents of countries other than the United States of America entering Canada,1902
1987,Little Gold Creek,United States of America residents entering Canada,13893
1987,Old Crow,Residents of countries other than the United States of America entering Canada,5
1987,Whitehorse,Canadian-resident visitors returning to Canada,1099
1987,Pleasant Camp,Canadian-resident visitors returning to Canada,7744
1987,Old Crow,Canadian-resident visitors returning to Canada,96
1987,Pleasant Camp,Residents of countries other than the United States of America entering Canada,874
1987,Whitehorse,Residents of countries other than the United States of America entering Canada,77
1987,Old Crow,United States of America residents entering Canada,197
1987,Whitehorse,United States of America residents entering Canada,3324
1988,Beaver Creek,Canadian-resident visitors returning to Canada,10542
1988,Dawson,Residents of countries other than the United States of America entering Canada,175
1988,Dawson,Canadian-resident visitors returning to Canada,491
1988,Dawson,United States of America residents entering Canada,2625
1988,Beaver Creek,Residents of countries other than the United States of America entering Canada,3736
1988,Fraser,Canadian-resident visitors returning to Canada,32836
1981,Dawson,United States of America residents entering Canada,576
1981,Beaver Creek,Residents of countries other than the United States of America entering Canada,3334
1981,Dawson,Canadian-resident visitors returning to Canada,145
1981,Fraser,Canadian-resident visitors returning to Canada,22981
1981,Fraser,Residents of countries other than the United States of America entering Canada,3067
1981,Little Gold Creek,United States of America residents entering Canada,8657
1981,Fraser,United States of America residents entering Canada,39368
1981,Old Crow,United States of America residents entering Canada,132
1981,Pleasant Camp,Residents of countries other than the United States of America entering Canada,694
1981,Pleasant Camp,United States of America residents entering Canada,24814
1981,Little Gold Creek,Canadian-resident visitors returning to Canada,3973
1981,Whitehorse,Canadian-resident visitors returning to Canada,1293
1981,Whitehorse,Residents of countries other than the United States of America entering Canada,514
1981,Little Gold Creek,Residents of countries other than the United States of America entering Canada,1459
1981,Old Crow,Canadian-resident visitors returning to Canada,85
1981,Old Crow,Residents of countries other than the United States of America entering Canada,0
1981,Pleasant Camp,Canadian-resident visitors returning to Canada,9967
1981,Whitehorse,United States of America residents entering Canada,6982
1983,Beaver Creek,Canadian-resident visitors returning to Canada,9268
1983,Dawson,Canadian-resident visitors returning to Canada,98
1983,Beaver Creek,Residents of countries other than the United States of America entering Canada,2630
1983,Beaver Creek,United States of America residents entering Canada,89673
1983,Dawson,Residents of countries other than the United States of America entering Canada,1
1983,Fraser,Canadian-resident visitors returning to Canada,21811
1983,Little Gold Creek,United States of America residents entering Canada,9542
1983,Dawson,United States of America residents entering Canada,370
1983,Old Crow,United States of America residents entering Canada,108
1983,Fraser,United States of America residents entering Canada,45629
1983,Pleasant Camp,Residents of countries other than the United States of America entering Canada,557
1983,Fraser,Residents of countries other than the United States of America entering Canada,2279
1983,Little Gold Creek,Residents of countries other than the United States of America entering Canada,960
1983,Little Gold Creek,Canadian-resident visitors returning to Canada,3187
1983,Old Crow,Residents of countries other than the United States of America entering Canada,0
1983,Old Crow,Canadian-resident visitors returning to Canada,120
1983,Pleasant Camp,Canadian-resident visitors returning to Canada,7144
1983,Whitehorse,United States of America residents entering Canada,5555
1983,Pleasant Camp,United States of America residents entering Canada,25171
1983,Whitehorse,Canadian-resident visitors returning to Canada,1224
1983,Whitehorse,Residents of countries other than the United States of America entering Canada,192
1990,Beaver Creek,Canadian-resident visitors returning to Canada,13724
1990,Beaver Creek,Residents of countries other than the United States of America entering Canada,4724
1990,Beaver Creek,United States of America residents entering Canada,98269
1990,Dawson,Canadian-resident visitors returning to Canada,853
1990,Fraser,United States of America residents entering Canada,49843
1990,Dawson,Residents of countries other than the United States of America entering Canada,440
1988,Fraser,United States of America residents entering Canada,50228
1988,Fraser,Residents of countries other than the United States of America entering Canada,4562
1988,Beaver Creek,United States of America residents entering Canada,105660
1988,Pleasant Camp,United States of America residents entering Canada,26802
1988,Little Gold Creek,Residents of countries other than the United States of America entering Canada,2250
1988,Pleasant Camp,Residents of countries other than the United States of America entering Canada,1019
1988,Little Gold Creek,Canadian-resident visitors returning to Canada,4295
1988,Whitehorse,Canadian-resident visitors returning to Canada,1483
1988,Old Crow,Residents of countries other than the United States of America entering Canada,0
1988,Whitehorse,Residents of countries other than the United States of America entering Canada,92
1988,Little Gold Creek,United States of America residents entering Canada,14847
1988,Pleasant Camp,Canadian-resident visitors returning to Canada,8504
1988,Old Crow,Canadian-resident visitors returning to Canada,134
1988,Whitehorse,United States of America residents entering Canada,3093
1988,Old Crow,United States of America residents entering Canada,185
2002,Dawson,Residents of countries other than the United States of America entering Canada,438
2002,Beaver Creek,Canadian-resident visitors returning to Canada,12908
2002,Dawson,United States of America residents entering Canada,6055
2002,Beaver Creek,United States of America residents entering Canada,90839
2002,Fraser,Canadian-resident visitors returning to Canada,36010
2002,Beaver Creek,Residents of countries other than the United States of America entering Canada,5345
2002,Fraser,Residents of countries other than the United States of America entering Canada,10018
2002,Fraser,United States of America residents entering Canada,131364
2002,Whitehorse,Residents of countries other than the United States of America entering Canada,3891
2002,Dawson,Canadian-resident visitors returning to Canada,1248
2002,Little Gold Creek,Canadian-resident visitors returning to Canada,3051
2002,Little Gold Creek,United States of America residents entering Canada,13408
2002,Little Gold Creek,Residents of countries other than the United States of America entering Canada,3918
2002,Pleasant Camp,Residents of countries other than the United States of America entering Canada,2844
2002,Old Crow,Canadian-resident visitors returning to Canada,28
2002,Old Crow,Residents of countries other than the United States of America entering Canada,4
2002,Old Crow,United States of America residents entering Canada,166
2002,Pleasant Camp,Canadian-resident visitors returning to Canada,10720
2002,Pleasant Camp,United States of America residents entering Canada,32243
2002,Whitehorse,Canadian-resident visitors returning to Canada,1194
2002,Whitehorse,United States of America residents entering Canada,2595
2003,Beaver Creek,Residents of countries other than the United States of America entering Canada,5408
2003,Beaver Creek,Canadian-resident visitors returning to Canada,12443
2003,Dawson,United States of America residents entering Canada,6336
2003,Dawson,Residents of countries other than the United States of America entering Canada,557
2003,Beaver Creek,United States of America residents entering Canada,84484
2003,Dawson,Canadian-resident visitors returning to Canada,1412
2003,Fraser,Canadian-resident visitors returning to Canada,38684
2003,Little Gold Creek,Residents of countries other than the United States of America entering Canada,4151
2003,Fraser,United States of America residents entering Canada,142242
1990,Little Gold Creek,Canadian-resident visitors returning to Canada,4220
1990,Dawson,United States of America residents entering Canada,5206
1990,Little Gold Creek,Residents of countries other than the United States of America entering Canada,2283
1990,Little Gold Creek,United States of America residents entering Canada,11196
1990,Old Crow,Canadian-resident visitors returning to Canada,168
1990,Fraser,Canadian-resident visitors returning to Canada,34779
1990,Whitehorse,United States of America residents entering Canada,3007
1990,Old Crow,United States of America residents entering Canada,432
1990,Fraser,Residents of countries other than the United States of America entering Canada,4563
1990,Pleasant Camp,United States of America residents entering Canada,32040
1990,Old Crow,Residents of countries other than the United States of America entering Canada,4
1990,Whitehorse,Canadian-resident visitors returning to Canada,1753
1990,Pleasant Camp,Canadian-resident visitors returning to Canada,11498
1990,Pleasant Camp,Residents of countries other than the United States of America entering Canada,1614
1990,Whitehorse,Residents of countries other than the United States of America entering Canada,181
1992,Beaver Creek,Canadian-resident visitors returning to Canada,21072
1992,Beaver Creek,Residents of countries other than the United States of America entering Canada,6271
1992,Beaver Creek,United States of America residents entering Canada,112001
1992,Dawson,Canadian-resident visitors returning to Canada,698
1992,Dawson,Residents of countries other than the United States of America entering Canada,662
1992,Little Gold Creek,United States of America residents entering Canada,14246
1992,Dawson,United States of America residents entering Canada,3883
1992,Fraser,Canadian-resident visitors returning to Canada,34676
1992,Fraser,Residents of countries other than the United States of America entering Canada,5913
1992,Old Crow,United States of America residents entering Canada,172
1992,Little Gold Creek,Canadian-resident visitors returning to Canada,5923
1992,Fraser,United States of America residents entering Canada,53455
1992,Old Crow,Canadian-resident visitors returning to Canada,130
1992,Pleasant Camp,Residents of countries other than the United States of America entering Canada,2257
1992,Little Gold Creek,Residents of countries other than the United States of America entering Canada,3817
1992,Old Crow,Residents of countries other than the United States of America entering Canada,2
1992,Pleasant Camp,Canadian-resident visitors returning to Canada,13075
1992,Pleasant Camp,United States of America residents entering Canada,30726
1992,Whitehorse,Canadian-resident visitors returning to Canada,1371
1992,Whitehorse,Residents of countries other than the United States of America entering Canada,202
1992,Whitehorse,United States of America residents entering Canada,2616
1999,Beaver Creek,Canadian-resident visitors returning to Canada,12525
1999,Beaver Creek,United States of America residents entering Canada,101162
1999,Beaver Creek,Residents of countries other than the United States of America entering Canada,6992
1999,Dawson,Canadian-resident visitors returning to Canada,752
1999,Dawson,Residents of countries other than the United States of America entering Canada,387
1999,Fraser,United States of America residents entering Canada,124725
1999,Little Gold Creek,United States of America residents entering Canada,14558
1999,Dawson,United States of America residents entering Canada,6683
1999,Old Crow,United States of America residents entering Canada,163
2003,Old Crow,Residents of countries other than the United States of America entering Canada,0
2003,Fraser,Residents of countries other than the United States of America entering Canada,10777
2003,Pleasant Camp,Canadian-resident visitors returning to Canada,9468
2003,Little Gold Creek,Canadian-resident visitors returning to Canada,2404
2003,Pleasant Camp,Residents of countries other than the United States of America entering Canada,2972
2003,Whitehorse,Residents of countries other than the United States of America entering Canada,4533
2003,Little Gold Creek,United States of America residents entering Canada,10650
2003,Old Crow,Canadian-resident visitors returning to Canada,8
2003,Old Crow,United States of America residents entering Canada,23
2003,Pleasant Camp,United States of America residents entering Canada,30745
2003,Whitehorse,Canadian-resident visitors returning to Canada,913
2003,Whitehorse,United States of America residents entering Canada,1836
2004,Beaver Creek,Residents of countries other than the United States of America entering Canada,5703
2004,Dawson,Residents of countries other than the United States of America entering Canada,637
2004,Beaver Creek,Canadian-resident visitors returning to Canada,11808
2004,Dawson,United States of America residents entering Canada,4819
2004,Beaver Creek,United States of America residents entering Canada,84157
2004,Fraser,Canadian-resident visitors returning to Canada,39001
2004,Dawson,Canadian-resident visitors returning to Canada,1251
2004,Fraser,Residents of countries other than the United States of America entering Canada,13451
2004,Little Gold Creek,Canadian-resident visitors returning to Canada,2387
2004,Pleasant Camp,United States of America residents entering Canada,28709
2004,Fraser,United States of America residents entering Canada,157664
2004,Pleasant Camp,Residents of countries other than the United States of America entering Canada,2943
2004,Little Gold Creek,United States of America residents entering Canada,7606
2004,Whitehorse,Canadian-resident visitors returning to Canada,1023
2004,Little Gold Creek,Residents of countries other than the United States of America entering Canada,4049
2004,Whitehorse,Residents of countries other than the United States of America entering Canada,4456
2004,Old Crow,Canadian-resident visitors returning to Canada,9
2004,Old Crow,Residents of countries other than the United States of America entering Canada,0
2004,Old Crow,United States of America residents entering Canada,14
2004,Pleasant Camp,Canadian-resident visitors returning to Canada,11332
2004,Whitehorse,United States of America residents entering Canada,1700
2005,Beaver Creek,Canadian-resident visitors returning to Canada,12119
2005,Dawson,Canadian-resident visitors returning to Canada,1184
2005,Dawson,Residents of countries other than the United States of America entering Canada,854
2005,Dawson,United States of America residents entering Canada,5871
2005,Beaver Creek,Residents of countries other than the United States of America entering Canada,5813
2005,Fraser,United States of America residents entering Canada,172009
2005,Fraser,Canadian-resident visitors returning to Canada,39384
2005,Fraser,Residents of countries other than the United States of America entering Canada,16354
2005,Beaver Creek,United States of America residents entering Canada,77506
2005,Little Gold Creek,Residents of countries other than the United States of America entering Canada,3938
2005,Pleasant Camp,United States of America residents entering Canada,28880
2005,Pleasant Camp,Residents of countries other than the United States of America entering Canada,3019
2005,Little Gold Creek,Canadian-resident visitors returning to Canada,2337
2005,Old Crow,Canadian-resident visitors returning to Canada,0
2005,Whitehorse,Canadian-resident visitors returning to Canada,973
2005,Whitehorse,Residents of countries other than the United States of America entering Canada,4489
2005,Little Gold Creek,United States of America residents entering Canada,8508
2005,Old Crow,Residents of countries other than the United States of America entering Canada,0
2005,Old Crow,United States of America residents entering Canada,34
2005,Pleasant Camp,Canadian-resident visitors returning to Canada,10781
2005,Whitehorse,United States of America residents entering Canada,1367
2019,Dawson,United States of America residents entering Canada,5560
2019,Dawson,Residents of countries other than the United States of America entering Canada,416
2019,Beaver Creek,Residents of countries other than the United States of America entering Canada,2654
2019,Beaver Creek,Canadian-resident visitors returning to Canada,11443
2019,Fraser,Canadian-resident visitors returning to Canada,66782
2019,Dawson,Canadian-resident visitors returning to Canada,752
2019,Beaver Creek,United States of America residents entering Canada,65547
2019,Little Gold Creek,United States of America residents entering Canada,6371
2019,Fraser,Residents of countries other than the United States of America entering Canada,50290
2019,Pleasant Camp,Canadian-resident visitors returning to Canada,15399
2019,Fraser,United States of America residents entering Canada,245436
2019,Pleasant Camp,Residents of countries other than the United States of America entering Canada,2588
2019,Whitehorse,Residents of countries other than the United States of America entering Canada,3214
2019,Little Gold Creek,Canadian-resident visitors returning to Canada,3304
2019,Little Gold Creek,Residents of countries other than the United States of America entering Canada,3518
2019,Old Crow,Canadian-resident visitors returning to Canada,0
2019,Old Crow,Residents of countries other than the United States of America entering Canada,0
2019,Old Crow,United States of America residents entering Canada,1
2019,Pleasant Camp,United States of America residents entering Canada,20154
2019,Whitehorse,Canadian-resident visitors returning to Canada,845
2019,Whitehorse,United States of America residents entering Canada,753
2020,Beaver Creek,Residents of countries other than the United States of America entering Canada,6
2020,Fraser,Canadian-resident visitors returning to Canada,2004
2020,Beaver Creek,Canadian-resident visitors returning to Canada,1332
2020,Dawson,Residents of countries other than the United States of America entering Canada,1
2020,Beaver Creek,United States of America residents entering Canada,21376
2020,Fraser,Residents of countries other than the United States of America entering Canada,77
2020,Dawson,Canadian-resident visitors returning to Canada,12
2020,Dawson,United States of America residents entering Canada,16
2020,Little Gold Creek,Canadian-resident visitors returning to Canada,0
2020,Whitehorse,Canadian-resident visitors returning to Canada,63
2020,Fraser,United States of America residents entering Canada,1873
2020,Whitehorse,Residents of countries other than the United States of America entering Canada,7
2020,Little Gold Creek,United States of America residents entering Canada,0
2020,Little Gold Creek,Residents of countries other than the United States of America entering Canada,0
2020,Old Crow,Canadian-resident visitors returning to Canada,0
2020,Old Crow,Residents of countries other than the United States of America entering Canada,0
2020,Old Crow,United States of America residents entering Canada,0
2020,Pleasant Camp,Canadian-resident visitors returning to Canada,702
2020,Pleasant Camp,United States of America residents entering Canada,2812
2020,Pleasant Camp,Residents of countries other than the United States of America entering Canada,23
2020,Whitehorse,United States of America residents entering Canada,251
2021,Beaver Creek,Residents of countries other than the United States of America entering Canada,0
2021,Beaver Creek,Canadian-resident visitors returning to Canada,884
2021,Dawson,Residents of countries other than the United States of America entering Canada,0
2021,Dawson,United States of America residents entering Canada,0
2021,Beaver Creek,United States of America residents entering Canada,24615
2021,Dawson,Canadian-resident visitors returning to Canada,0
2021,Fraser,Canadian-resident visitors returning to Canada,915
2021,Fraser,Residents of countries other than the United States of America entering Canada,16
2021,Little Gold Creek,Canadian-resident visitors returning to Canada,0
2021,Fraser,United States of America residents entering Canada,2268
2021,Pleasant Camp,United States of America residents entering Canada,3592
2021,Pleasant Camp,Residents of countries other than the United States of America entering Canada,7
2021,Little Gold Creek,United States of America residents entering Canada,0
2021,Little Gold Creek,Residents of countries other than the United States of America entering Canada,0
2021,Whitehorse,Canadian-resident visitors returning to Canada,39
2021,Old Crow,Residents of countries other than the United States of America entering Canada,0
2021,Old Crow,Canadian-resident visitors returning to Canada,0
2021,Pleasant Camp,Canadian-resident visitors returning to Canada,493
2021,Whitehorse,Residents of countries other than the United States of America entering Canada,3
2021,Old Crow,United States of America residents entering Canada,0
2021,Whitehorse,United States of America residents entering Canada,270
2022,Beaver Creek,Canadian-resident visitors returning to Canada,7009
2022,Dawson,Residents of countries other than the United States of America entering Canada,204
2022,Dawson,Canadian-resident visitors returning to Canada,363
2022,Dawson,United States of America residents entering Canada,3661
2022,Beaver Creek,Residents of countries other than the United States of America entering Canada,2513
2022,Fraser,Canadian-resident visitors returning to Canada,29102
2022,Fraser,United States of America residents entering Canada,43071
2022,Fraser,Residents of countries other than the United States of America entering Canada,5194
2022,Beaver Creek,United States of America residents entering Canada,43797
2022,Pleasant Camp,United States of America residents entering Canada,12277
2022,Little Gold Creek,Residents of countries other than the United States of America entering Canada,2119
2022,Pleasant Camp,Residents of countries other than the United States of America entering Canada,1539
2022,Little Gold Creek,Canadian-resident visitors returning to Canada,2299
2022,Whitehorse,Canadian-resident visitors returning to Canada,1205
2022,Old Crow,Canadian-resident visitors returning to Canada,0
2022,Whitehorse,Residents of countries other than the United States of America entering Canada,1839
2022,Little Gold Creek,United States of America residents entering Canada,3897
2022,Old Crow,Residents of countries other than the United States of America entering Canada,0
1977,Beaver Creek,Canadian-resident visitors returning to Canada,4286
1977,Dawson,United States of America residents entering Canada,479
1977,Dawson,Residents of countries other than the United States of America entering Canada,0
1977,Beaver Creek,United States of America residents entering Canada,63047
1977,Beaver Creek,Residents of countries other than the United States of America entering Canada,232
1977,Fraser,Canadian-resident visitors returning to Canada,3807
1977,Dawson,Canadian-resident visitors returning to Canada,53
1977,Fraser,United States of America residents entering Canada,46526
1977,Little Gold Creek,United States of America residents entering Canada,9009
1977,Fraser,Residents of countries other than the United States of America entering Canada,808
1977,Pleasant Camp,Canadian-resident visitors returning to Canada,5403
1977,Little Gold Creek,Canadian-resident visitors returning to Canada,2433
1977,Pleasant Camp,Residents of countries other than the United States of America entering Canada,263
1977,Whitehorse,Residents of countries other than the United States of America entering Canada,10
1977,Little Gold Creek,Residents of countries other than the United States of America entering Canada,530
1977,Old Crow,Canadian-resident visitors returning to Canada,34
1977,Old Crow,Residents of countries other than the United States of America entering Canada,0
1977,Old Crow,United States of America residents entering Canada,93
1977,Pleasant Camp,United States of America residents entering Canada,25433
1977,Whitehorse,Canadian-resident visitors returning to Canada,1410
1977,Whitehorse,United States of America residents entering Canada,6528
1978,Beaver Creek,Residents of countries other than the United States of America entering Canada,207
1978,Dawson,United States of America residents entering Canada,601
1978,Beaver Creek,Canadian-resident visitors returning to Canada,9476
1978,Dawson,Residents of countries other than the United States of America entering Canada,0
1978,Beaver Creek,United States of America residents entering Canada,79796
1978,Fraser,Canadian-resident visitors returning to Canada,3968
1978,Dawson,Canadian-resident visitors returning to Canada,113
1978,Fraser,Residents of countries other than the United States of America entering Canada,848
1978,Fraser,United States of America residents entering Canada,37684
1978,Whitehorse,Residents of countries other than the United States of America entering Canada,318
1978,Little Gold Creek,Residents of countries other than the United States of America entering Canada,706
1978,Little Gold Creek,Canadian-resident visitors returning to Canada,3065
1978,Old Crow,Residents of countries other than the United States of America entering Canada,0
1978,Little Gold Creek,United States of America residents entering Canada,11343
1978,Pleasant Camp,Canadian-resident visitors returning to Canada,8161
1978,Old Crow,Canadian-resident visitors returning to Canada,98
1978,Pleasant Camp,Residents of countries other than the United States of America entering Canada,234
1978,Old Crow,United States of America residents entering Canada,122
1978,Pleasant Camp,United States of America residents entering Canada,32103
1978,Whitehorse,Canadian-resident visitors returning to Canada,2241
1978,Whitehorse,United States of America residents entering Canada,8445
1979,Beaver Creek,Residents of countries other than the United States of America entering Canada,331
1979,Beaver Creek,Canadian-resident visitors returning to Canada,9540
1979,Dawson,Residents of countries other than the United States of America entering Canada,19
1979,Dawson,United States of America residents entering Canada,627
1979,Beaver Creek,United States of America residents entering Canada,73254
1979,Dawson,Canadian-resident visitors returning to Canada,78
1979,Fraser,Canadian-resident visitors returning to Canada,18261
1979,Fraser,Residents of countries other than the United States of America entering Canada,914
1979,Little Gold Creek,Canadian-resident visitors returning to Canada,2557
1979,Fraser,United States of America residents entering Canada,54874
1979,Pleasant Camp,United States of America residents entering Canada,22771
1979,Pleasant Camp,Residents of countries other than the United States of America entering Canada,133
1979,Little Gold Creek,United States of America residents entering Canada,8577
1979,Little Gold Creek,Residents of countries other than the United States of America entering Canada,529
1979,Whitehorse,Canadian-resident visitors returning to Canada,1943
1979,Old Crow,Residents of countries other than the United States of America entering Canada,0
1979,Old Crow,Canadian-resident visitors returning to Canada,94
1979,Pleasant Camp,Canadian-resident visitors returning to Canada,6498
1979,Whitehorse,Residents of countries other than the United States of America entering Canada,448
1979,Old Crow,United States of America residents entering Canada,105
1979,Whitehorse,United States of America residents entering Canada,8138
1980,Beaver Creek,Canadian-resident visitors returning to Canada,7507
1980,Dawson,Residents of countries other than the United States of America entering Canada,101
1980,Dawson,Canadian-resident visitors returning to Canada,109
1980,Dawson,United States of America residents entering Canada,656
1980,Beaver Creek,Residents of countries other than the United States of America entering Canada,1398
1980,Fraser,Canadian-resident visitors returning to Canada,17012
1980,Fraser,United States of America residents entering Canada,37772
1980,Fraser,Residents of countries other than the United States of America entering Canada,1824
1980,Beaver Creek,United States of America residents entering Canada,55365
1980,Pleasant Camp,United States of America residents entering Canada,22306
1980,Little Gold Creek,Residents of countries other than the United States of America entering Canada,840
1980,Pleasant Camp,Residents of countries other than the United States of America entering Canada,515
1980,Little Gold Creek,Canadian-resident visitors returning to Canada,3282
1980,Whitehorse,Canadian-resident visitors returning to Canada,1377
1980,Old Crow,Canadian-resident visitors returning to Canada,85
1980,Whitehorse,Residents of countries other than the United States of America entering Canada,554
1980,Little Gold Creek,United States of America residents entering Canada,8772
1980,Old Crow,Residents of countries other than the United States of America entering Canada,0
1980,Old Crow,United States of America residents entering Canada,76
1980,Pleasant Camp,Canadian-resident visitors returning to Canada,9107
1980,Whitehorse,United States of America residents entering Canada,6894
1993,Beaver Creek,United States of America residents entering Canada,104587
1993,Dawson,Residents of countries other than the United States of America entering Canada,749
1993,Dawson,Canadian-resident visitors returning to Canada,874
1993,Beaver Creek,Canadian-resident visitors returning to Canada,16055
1993,Dawson,United States of America residents entering Canada,3512
1993,Beaver Creek,Residents of countries other than the United States of America entering Canada,7462
1999,Little Gold Creek,Canadian-resident visitors returning to Canada,4372
1999,Pleasant Camp,United States of America residents entering Canada,31228
1999,Fraser,Canadian-resident visitors returning to Canada,41171
1999,Old Crow,Canadian-resident visitors returning to Canada,46
1999,Fraser,Residents of countries other than the United States of America entering Canada,12745
1999,Whitehorse,United States of America residents entering Canada,3535
1999,Little Gold Creek,Residents of countries other than the United States of America entering Canada,5645
1999,Old Crow,Residents of countries other than the United States of America entering Canada,1
1999,Pleasant Camp,Canadian-resident visitors returning to Canada,8062
1999,Pleasant Camp,Residents of countries other than the United States of America entering Canada,3860
1999,Whitehorse,Canadian-resident visitors returning to Canada,1014
1999,Whitehorse,Residents of countries other than the United States of America entering Canada,2919
2001,Dawson,Residents of countries other than the United States of America entering Canada,627
2001,Beaver Creek,United States of America residents entering Canada,91965
2001,Beaver Creek,Canadian-resident visitors returning to Canada,12110
2001,Dawson,Canadian-resident visitors returning to Canada,1038
2001,Beaver Creek,Residents of countries other than the United States of America entering Canada,6512
2001,Dawson,United States of America residents entering Canada,6998
2001,Little Gold Creek,United States of America residents entering Canada,14261
2001,Fraser,Canadian-resident visitors returning to Canada,34799
2001,Old Crow,United States of America residents entering Canada,34
2001,Fraser,Residents of countries other than the United States of America entering Canada,10168
2001,Pleasant Camp,Residents of countries other than the United States of America entering Canada,2894
2001,Fraser,United States of America residents entering Canada,122661
2001,Little Gold Creek,Canadian-resident visitors returning to Canada,4290
2001,Little Gold Creek,Residents of countries other than the United States of America entering Canada,4415
2001,Whitehorse,Residents of countries other than the United States of America entering Canada,4921
2001,Old Crow,Canadian-resident visitors returning to Canada,16
2001,Old Crow,Residents of countries other than the United States of America entering Canada,0
2001,Pleasant Camp,Canadian-resident visitors returning to Canada,8112
2001,Pleasant Camp,United States of America residents entering Canada,30116
2001,Whitehorse,Canadian-resident visitors returning to Canada,1158
2001,Whitehorse,United States of America residents entering Canada,3800
2006,Beaver Creek,Canadian-resident visitors returning to Canada,12158
2006,Dawson,Residents of countries other than the United States of America entering Canada,780
2006,Beaver Creek,United States of America residents entering Canada,74588
2006,Dawson,United States of America residents entering Canada,6272
2006,Beaver Creek,Residents of countries other than the United States of America entering Canada,4880
2006,Fraser,Canadian-resident visitors returning to Canada,35434
2006,Dawson,Canadian-resident visitors returning to Canada,1504
2006,Fraser,Residents of countries other than the United States of America entering Canada,16531
2006,Little Gold Creek,United States of America residents entering Canada,8313
2006,Pleasant Camp,United States of America residents entering Canada,25258
2006,Fraser,United States of America residents entering Canada,191765
2006,Pleasant Camp,Residents of countries other than the United States of America entering Canada,2635
1993,Fraser,Canadian-resident visitors returning to Canada,35357
1993,Little Gold Creek,United States of America residents entering Canada,12684
1993,Fraser,Residents of countries other than the United States of America entering Canada,8408
1993,Old Crow,United States of America residents entering Canada,135
1993,Fraser,United States of America residents entering Canada,61967
1993,Pleasant Camp,Residents of countries other than the United States of America entering Canada,2863
1993,Whitehorse,Residents of countries other than the United States of America entering Canada,176
1993,Little Gold Creek,Canadian-resident visitors returning to Canada,4328
1993,Little Gold Creek,Residents of countries other than the United States of America entering Canada,3453
1993,Old Crow,Canadian-resident visitors returning to Canada,139
1993,Old Crow,Residents of countries other than the United States of America entering Canada,0
1993,Pleasant Camp,Canadian-resident visitors returning to Canada,11904
1993,Pleasant Camp,United States of America residents entering Canada,33497
1993,Whitehorse,Canadian-resident visitors returning to Canada,1188
1993,Whitehorse,United States of America residents entering Canada,2240
1994,Beaver Creek,Residents of countries other than the United States of America entering Canada,6779
1994,Dawson,United States of America residents entering Canada,2986
1994,Beaver Creek,Canadian-resident visitors returning to Canada,12956
1994,Dawson,Residents of countries other than the United States of America entering Canada,547
1994,Beaver Creek,United States of America residents entering Canada,97325
1994,Fraser,Canadian-resident visitors returning to Canada,35939
1994,Dawson,Canadian-resident visitors returning to Canada,586
1994,Fraser,Residents of countries other than the United States of America entering Canada,8618
1994,Fraser,United States of America residents entering Canada,71834
1994,Whitehorse,Residents of countries other than the United States of America entering Canada,154
1994,Little Gold Creek,United States of America residents entering Canada,16314
1994,Little Gold Creek,Canadian-resident visitors returning to Canada,4712
1994,Old Crow,Residents of countries other than the United States of America entering Canada,2
1994,Little Gold Creek,Residents of countries other than the United States of America entering Canada,4949
1994,Pleasant Camp,Canadian-resident visitors returning to Canada,11849
1994,Old Crow,Canadian-resident visitors returning to Canada,123
1994,Pleasant Camp,Residents of countries other than the United States of America entering Canada,3533
1994,Old Crow,United States of America residents entering Canada,195
1994,Pleasant Camp,United States of America residents entering Canada,30966
1994,Whitehorse,Canadian-resident visitors returning to Canada,1246
1994,Whitehorse,United States of America residents entering Canada,2399
1995,Beaver Creek,Residents of countries other than the United States of America entering Canada,7011
1995,Beaver Creek,Canadian-resident visitors returning to Canada,12481
1995,Fraser,Canadian-resident visitors returning to Canada,38875
1995,Dawson,Residents of countries other than the United States of America entering Canada,580
1995,Beaver Creek,United States of America residents entering Canada,102646
1995,Dawson,Canadian-resident visitors returning to Canada,225
1995,Fraser,Residents of countries other than the United States of America entering Canada,9508
1995,Dawson,United States of America residents entering Canada,3245
1995,Little Gold Creek,Canadian-resident visitors returning to Canada,4090
2006,Old Crow,United States of America residents entering Canada,43
2006,Whitehorse,Canadian-resident visitors returning to Canada,1599
2006,Little Gold Creek,Canadian-resident visitors returning to Canada,2482
2006,Whitehorse,Residents of countries other than the United States of America entering Canada,4300
2006,Little Gold Creek,Residents of countries other than the United States of America entering Canada,3446
2006,Old Crow,Canadian-resident visitors returning to Canada,3
2006,Old Crow,Residents of countries other than the United States of America entering Canada,0
2006,Pleasant Camp,Canadian-resident visitors returning to Canada,10265
2006,Whitehorse,United States of America residents entering Canada,1196
2008,Beaver Creek,Residents of countries other than the United States of America entering Canada,4868
2008,Beaver Creek,Canadian-resident visitors returning to Canada,11014
2008,Dawson,Canadian-resident visitors returning to Canada,1149
2008,Beaver Creek,United States of America residents entering Canada,59636
2008,Little Gold Creek,United States of America residents entering Canada,7416
2008,Dawson,Residents of countries other than the United States of America entering Canada,911
2008,Fraser,Canadian-resident visitors returning to Canada,38895
2008,Dawson,United States of America residents entering Canada,6113
2008,Old Crow,United States of America residents entering Canada,25
2008,Fraser,Residents of countries other than the United States of America entering Canada,20189
2008,Fraser,United States of America residents entering Canada,200237
2008,Little Gold Creek,Canadian-resident visitors returning to Canada,2890
2008,Pleasant Camp,Residents of countries other than the United States of America entering Canada,3293
2008,Old Crow,Canadian-resident visitors returning to Canada,3
2008,Little Gold Creek,Residents of countries other than the United States of America entering Canada,4498
2008,Whitehorse,United States of America residents entering Canada,993
2008,Old Crow,Residents of countries other than the United States of America entering Canada,0
2008,Pleasant Camp,Canadian-resident visitors returning to Canada,9393
2008,Pleasant Camp,United States of America residents entering Canada,19699
2008,Whitehorse,Canadian-resident visitors returning to Canada,1043
2008,Whitehorse,Residents of countries other than the United States of America entering Canada,4302
2015,Beaver Creek,Canadian-resident visitors returning to Canada,8658
2015,Beaver Creek,United States of America residents entering Canada,51633
2015,Beaver Creek,Residents of countries other than the United States of America entering Canada,3572
2015,Dawson,Canadian-resident visitors returning to Canada,900
2015,Dawson,Residents of countries other than the United States of America entering Canada,594
2015,Fraser,United States of America residents entering Canada,208833
2015,Little Gold Creek,United States of America residents entering Canada,6950
2015,Dawson,United States of America residents entering Canada,6189
2015,Old Crow,United States of America residents entering Canada,18
2015,Little Gold Creek,Canadian-resident visitors returning to Canada,2366
2015,Pleasant Camp,United States of America residents entering Canada,18783
2015,Fraser,Canadian-resident visitors returning to Canada,43202
2015,Whitehorse,Canadian-resident visitors returning to Canada,672
2015,Little Gold Creek,Residents of countries other than the United States of America entering Canada,4316
2015,Fraser,Residents of countries other than the United States of America entering Canada,28620
1995,Fraser,United States of America residents entering Canada,76379
1995,Pleasant Camp,United States of America residents entering Canada,31067
1995,Little Gold Creek,Residents of countries other than the United States of America entering Canada,4679
1995,Little Gold Creek,United States of America residents entering Canada,15613
1995,Old Crow,Residents of countries other than the United States of America entering Canada,4
1995,Whitehorse,Canadian-resident visitors returning to Canada,1191
1995,Pleasant Camp,Canadian-resident visitors returning to Canada,11354
1995,Old Crow,Canadian-resident visitors returning to Canada,86
1995,Pleasant Camp,Residents of countries other than the United States of America entering Canada,3814
1995,Whitehorse,Residents of countries other than the United States of America entering Canada,217
1995,Old Crow,United States of America residents entering Canada,137
1995,Whitehorse,United States of America residents entering Canada,2388
1996,Beaver Creek,Residents of countries other than the United States of America entering Canada,6770
1996,Dawson,Residents of countries other than the United States of America entering Canada,387
1996,Beaver Creek,Canadian-resident visitors returning to Canada,11784
1996,Dawson,United States of America residents entering Canada,4031
1996,Beaver Creek,United States of America residents entering Canada,91460
1996,Fraser,Canadian-resident visitors returning to Canada,41488
1996,Dawson,Canadian-resident visitors returning to Canada,340
1996,Fraser,Residents of countries other than the United States of America entering Canada,10052
1996,Little Gold Creek,Canadian-resident visitors returning to Canada,4084
1996,Pleasant Camp,United States of America residents entering Canada,28593
1996,Fraser,United States of America residents entering Canada,77812
1996,Pleasant Camp,Residents of countries other than the United States of America entering Canada,3923
1996,Little Gold Creek,United States of America residents entering Canada,15127
1996,Whitehorse,Canadian-resident visitors returning to Canada,1838
1996,Little Gold Creek,Residents of countries other than the United States of America entering Canada,7159
1996,Whitehorse,Residents of countries other than the United States of America entering Canada,253
1996,Old Crow,Canadian-resident visitors returning to Canada,249
1996,Old Crow,Residents of countries other than the United States of America entering Canada,3
1996,Old Crow,United States of America residents entering Canada,414
1996,Pleasant Camp,Canadian-resident visitors returning to Canada,11359
1996,Whitehorse,United States of America residents entering Canada,1971
1997,Beaver Creek,Canadian-resident visitors returning to Canada,11497
1997,Dawson,United States of America residents entering Canada,4606
1997,Dawson,Residents of countries other than the United States of America entering Canada,154
1997,Dawson,Canadian-resident visitors returning to Canada,646
1997,Beaver Creek,Residents of countries other than the United States of America entering Canada,6856
1997,Fraser,Residents of countries other than the United States of America entering Canada,11902
1997,Fraser,Canadian-resident visitors returning to Canada,42717
1997,Fraser,United States of America residents entering Canada,92921
1997,Beaver Creek,United States of America residents entering Canada,89758
1997,Pleasant Camp,Residents of countries other than the United States of America entering Canada,3400
1997,Pleasant Camp,United States of America residents entering Canada,29471
1997,Little Gold Creek,Canadian-resident visitors returning to Canada,3708
1997,Little Gold Creek,United States of America residents entering Canada,12423
1997,Whitehorse,Residents of countries other than the United States of America entering Canada,384
1997,Whitehorse,Canadian-resident visitors returning to Canada,1328
1997,Little Gold Creek,Residents of countries other than the United States of America entering Canada,5386
1997,Old Crow,United States of America residents entering Canada,270
1997,Old Crow,Canadian-resident visitors returning to Canada,139
1997,Old Crow,Residents of countries other than the United States of America entering Canada,1
1997,Pleasant Camp,Canadian-resident visitors returning to Canada,9698
1997,Whitehorse,United States of America residents entering Canada,3112
2010,Beaver Creek,United States of America residents entering Canada,67536
2010,Dawson,Canadian-resident visitors returning to Canada,633
2010,Dawson,Residents of countries other than the United States of America entering Canada,563
2010,Beaver Creek,Canadian-resident visitors returning to Canada,10834
2010,Dawson,United States of America residents entering Canada,2758
2010,Fraser,Canadian-resident visitors returning to Canada,45956
2010,Fraser,Residents of countries other than the United States of America entering Canada,20521
2010,Beaver Creek,Residents of countries other than the United States of America entering Canada,5313
2010,Whitehorse,Residents of countries other than the United States of America entering Canada,4392
2010,Fraser,United States of America residents entering Canada,200479
2010,Little Gold Creek,United States of America residents entering Canada,5218
2010,Little Gold Creek,Canadian-resident visitors returning to Canada,1899
2010,Old Crow,United States of America residents entering Canada,10
2010,Little Gold Creek,Residents of countries other than the United States of America entering Canada,2991
2010,Pleasant Camp,Residents of countries other than the United States of America entering Canada,2859
2010,Old Crow,Canadian-resident visitors returning to Canada,13
2010,Old Crow,Residents of countries other than the United States of America entering Canada,0
2010,Pleasant Camp,Canadian-resident visitors returning to Canada,8643
2010,Pleasant Camp,United States of America residents entering Canada,16355
2010,Whitehorse,Canadian-resident visitors returning to Canada,979
2010,Whitehorse,United States of America residents entering Canada,1122
2011,Beaver Creek,Residents of countries other than the United States of America entering Canada,4405
2011,Beaver Creek,Canadian-resident visitors returning to Canada,10458
2011,Dawson,United States of America residents entering Canada,202
2011,Dawson,Residents of countries other than the United States of America entering Canada,61
2011,Beaver Creek,United States of America residents entering Canada,54735
2011,Dawson,Canadian-resident visitors returning to Canada,152
2011,Fraser,Canadian-resident visitors returning to Canada,48010
2011,Old Crow,Residents of countries other than the United States of America entering Canada,0
2011,Fraser,United States of America residents entering Canada,201035
2011,Pleasant Camp,Canadian-resident visitors returning to Canada,8786
2011,Fraser,Residents of countries other than the United States of America entering Canada,20905
2011,Pleasant Camp,Residents of countries other than the United States of America entering Canada,3113
2011,Little Gold Creek,Canadian-resident visitors returning to Canada,3098
2011,Whitehorse,Residents of countries other than the United States of America entering Canada,4274
2011,Little Gold Creek,Residents of countries other than the United States of America entering Canada,4870
2015,Old Crow,Canadian-resident visitors returning to Canada,0
2015,Old Crow,Residents of countries other than the United States of America entering Canada,4
2015,Whitehorse,United States of America residents entering Canada,556
2015,Pleasant Camp,Canadian-resident visitors returning to Canada,12108
2015,Pleasant Camp,Residents of countries other than the United States of America entering Canada,3705
2015,Whitehorse,Residents of countries other than the United States of America entering Canada,3441
2017,Beaver Creek,Canadian-resident visitors returning to Canada,11156
2017,Beaver Creek,United States of America residents entering Canada,68088
2017,Beaver Creek,Residents of countries other than the United States of America entering Canada,5061
2017,Dawson,Canadian-resident visitors returning to Canada,1011
2017,Dawson,Residents of countries other than the United States of America entering Canada,577
2017,Dawson,United States of America residents entering Canada,5795
2017,Little Gold Creek,United States of America residents entering Canada,6818
2017,Fraser,Canadian-resident visitors returning to Canada,52569
2017,Old Crow,United States of America residents entering Canada,10
2017,Fraser,Residents of countries other than the United States of America entering Canada,29520
2017,Pleasant Camp,Residents of countries other than the United States of America entering Canada,3358
2017,Fraser,United States of America residents entering Canada,206772
2017,Little Gold Creek,Canadian-resident visitors returning to Canada,3455
2017,Little Gold Creek,Residents of countries other than the United States of America entering Canada,4817
2017,Old Crow,Canadian-resident visitors returning to Canada,1
2017,Old Crow,Residents of countries other than the United States of America entering Canada,0
2017,Pleasant Camp,Canadian-resident visitors returning to Canada,13261
2017,Pleasant Camp,United States of America residents entering Canada,19950
2017,Whitehorse,Canadian-resident visitors returning to Canada,657
2017,Whitehorse,Residents of countries other than the United States of America entering Canada,3337
2017,Whitehorse,United States of America residents entering Canada,666
2024,Beaver Creek,Canadian-resident visitors returning to Canada,9476
2024,Beaver Creek,Residents of countries other than the United States of America entering Canada,2773
2024,Beaver Creek,United States of America residents entering Canada,57585
2024,Dawson,Canadian-resident visitors returning to Canada,616
2024,Fraser,United States of America residents entering Canada,271149
2024,Dawson,Residents of countries other than the United States of America entering Canada,368
2024,Little Gold Creek,Canadian-resident visitors returning to Canada,1257
2024,Dawson,United States of America residents entering Canada,5408
2024,Whitehorse,United States of America residents entering Canada,613
2024,Little Gold Creek,United States of America residents entering Canada,2477
2024,Fraser,Canadian-resident visitors returning to Canada,60569
2024,Old Crow,United States of America residents entering Canada,14
2024,Fraser,Residents of countries other than the United States of America entering Canada,45093
2024,Pleasant Camp,United States of America residents entering Canada,11809
2024,Little Gold Creek,Residents of countries other than the United States of America entering Canada,1117
2024,Pleasant Camp,Canadian-resident visitors returning to Canada,8883
2024,Pleasant Camp,Residents of countries other than the United States of America entering Canada,1419
2024,Whitehorse,Canadian-resident visitors returning to Canada,815
2011,Little Gold Creek,United States of America residents entering Canada,11252
2011,Old Crow,Canadian-resident visitors returning to Canada,0
2011,Old Crow,United States of America residents entering Canada,6
2011,Pleasant Camp,United States of America residents entering Canada,15949
2011,Whitehorse,Canadian-resident visitors returning to Canada,1148
2011,Whitehorse,United States of America residents entering Canada,626
2012,Beaver Creek,Residents of countries other than the United States of America entering Canada,3774
2012,Fraser,Canadian-resident visitors returning to Canada,50037
2012,Beaver Creek,Canadian-resident visitors returning to Canada,9465
2012,Dawson,Residents of countries other than the United States of America entering Canada,31
2012,Beaver Creek,United States of America residents entering Canada,54655
2012,Fraser,Residents of countries other than the United States of America entering Canada,24497
2012,Dawson,Canadian-resident visitors returning to Canada,129
2012,Dawson,United States of America residents entering Canada,179
2012,Little Gold Creek,Canadian-resident visitors returning to Canada,2309
2012,Pleasant Camp,United States of America residents entering Canada,14752
2012,Fraser,United States of America residents entering Canada,211917
2012,Whitehorse,Canadian-resident visitors returning to Canada,861
2012,Little Gold Creek,United States of America residents entering Canada,7710
2012,Whitehorse,Residents of countries other than the United States of America entering Canada,3561
2012,Little Gold Creek,Residents of countries other than the United States of America entering Canada,3164
2012,Old Crow,Canadian-resident visitors returning to Canada,0
2012,Old Crow,Residents of countries other than the United States of America entering Canada,0
2012,Old Crow,United States of America residents entering Canada,9
2012,Pleasant Camp,Canadian-resident visitors returning to Canada,9247
2012,Whitehorse,United States of America residents entering Canada,731
2012,Pleasant Camp,Residents of countries other than the United States of America entering Canada,2670
2013,Beaver Creek,Canadian-resident visitors returning to Canada,9076
2013,Dawson,United States of America residents entering Canada,124
2013,Dawson,Residents of countries other than the United States of America entering Canada,26
2013,Dawson,Canadian-resident visitors returning to Canada,76
2013,Beaver Creek,Residents of countries other than the United States of America entering Canada,3861
2013,Fraser,Residents of countries other than the United States of America entering Canada,26324
2013,Fraser,Canadian-resident visitors returning to Canada,54929
2013,Fraser,United States of America residents entering Canada,235584
2013,Beaver Creek,United States of America residents entering Canada,54951
2013,Pleasant Camp,Residents of countries other than the United States of America entering Canada,2580
2013,Pleasant Camp,United States of America residents entering Canada,14047
2013,Little Gold Creek,Residents of countries other than the United States of America entering Canada,4503
2013,Little Gold Creek,Canadian-resident visitors returning to Canada,3989
2013,Old Crow,Residents of countries other than the United States of America entering Canada,6
2013,Whitehorse,Canadian-resident visitors returning to Canada,737
2013,Pleasant Camp,Canadian-resident visitors returning to Canada,9515
2013,Little Gold Creek,United States of America residents entering Canada,10728
2013,Whitehorse,United States of America residents entering Canada,589
2013,Whitehorse,Residents of countries other than the United States of America entering Canada,3441
1973,Beaver Creek,Residents of countries other than the United States of America entering Canada,310
1973,Beaver Creek,United States of America residents entering Canada,77684
1973,Beaver Creek,Canadian-resident visitors returning to Canada,5761
1973,Dawson,Canadian-resident visitors returning to Canada,4
1973,Dawson,Residents of countries other than the United States of America entering Canada,0
1973,Fraser,United States of America residents entering Canada,33278
1973,Little Gold Creek,United States of America residents entering Canada,9843
1973,Dawson,United States of America residents entering Canada,167
1973,Old Crow,United States of America residents entering Canada,0
1973,Little Gold Creek,Canadian-resident visitors returning to Canada,2597
1973,Pleasant Camp,United States of America residents entering Canada,25554
1973,Fraser,Canadian-resident visitors returning to Canada,3132
1973,Whitehorse,Canadian-resident visitors returning to Canada,1097
1973,Little Gold Creek,Residents of countries other than the United States of America entering Canada,184
1973,Fraser,Residents of countries other than the United States of America entering Canada,233
1973,Old Crow,Canadian-resident visitors returning to Canada,0
1973,Pleasant Camp,Canadian-resident visitors returning to Canada,5656
1973,Old Crow,Residents of countries other than the United States of America entering Canada,0
1973,Pleasant Camp,Residents of countries other than the United States of America entering Canada,135
1973,Whitehorse,United States of America residents entering Canada,5343
1973,Whitehorse,Residents of countries other than the United States of America entering Canada,7
1975,Beaver Creek,Canadian-resident visitors returning to Canada,5884
1975,Beaver Creek,United States of America residents entering Canada,67946
1975,Beaver Creek,Residents of countries other than the United States of America entering Canada,385
1975,Dawson,Canadian-resident visitors returning to Canada,33
1975,Dawson,Residents of countries other than the United States of America entering Canada,0
1975,Dawson,United States of America residents entering Canada,369
1975,Little Gold Creek,United States of America residents entering Canada,8744
1975,Fraser,Canadian-resident visitors returning to Canada,2984
1975,Old Crow,United States of America residents entering Canada,57
1975,Fraser,Residents of countries other than the United States of America entering Canada,531
1975,Pleasant Camp,Residents of countries other than the United States of America entering Canada,254
1975,Fraser,United States of America residents entering Canada,37717
1975,Little Gold Creek,Canadian-resident visitors returning to Canada,2869
1975,Little Gold Creek,Residents of countries other than the United States of America entering Canada,341
1975,Old Crow,Canadian-resident visitors returning to Canada,91
1975,Old Crow,Residents of countries other than the United States of America entering Canada,0
1975,Whitehorse,United States of America residents entering Canada,7889
1975,Pleasant Camp,Canadian-resident visitors returning to Canada,5808
1975,Pleasant Camp,United States of America residents entering Canada,34565
1975,Whitehorse,Canadian-resident visitors returning to Canada,1231
1975,Whitehorse,Residents of countries other than the United States of America entering Canada,198
1982,Beaver Creek,Canadian-resident visitors returning to Canada,9534
1982,Beaver Creek,Residents of countries other than the United States of America entering Canada,2740
1982,Beaver Creek,United States of America residents entering Canada,75897
2024,Whitehorse,Residents of countries other than the United States of America entering Canada,64
2013,Old Crow,Canadian-resident visitors returning to Canada,6
2013,Old Crow,United States of America residents entering Canada,10
2022,Old Crow,United States of America residents entering Canada,1
2022,Pleasant Camp,Canadian-resident visitors returning to Canada,10303
2022,Whitehorse,United States of America residents entering Canada,520
1982,Dawson,Canadian-resident visitors returning to Canada,67
1982,Fraser,United States of America residents entering Canada,38311
1982,Dawson,Residents of countries other than the United States of America entering Canada,5
1982,Little Gold Creek,Canadian-resident visitors returning to Canada,3158
1982,Dawson,United States of America residents entering Canada,506
1982,Old Crow,Canadian-resident visitors returning to Canada,32
1982,Little Gold Creek,United States of America residents entering Canada,8474
1982,Whitehorse,United States of America residents entering Canada,5873
1982,Fraser,Canadian-resident visitors returning to Canada,20623
1982,Old Crow,United States of America residents entering Canada,118
1982,Fraser,Residents of countries other than the United States of America entering Canada,2083
1982,Pleasant Camp,United States of America residents entering Canada,25998
1982,Little Gold Creek,Residents of countries other than the United States of America entering Canada,1252
1982,Whitehorse,Canadian-resident visitors returning to Canada,1824
1982,Old Crow,Residents of countries other than the United States of America entering Canada,6
1982,Pleasant Camp,Canadian-resident visitors returning to Canada,8844
1982,Pleasant Camp,Residents of countries other than the United States of America entering Canada,563
1982,Whitehorse,Residents of countries other than the United States of America entering Canada,246
1984,Dawson,Residents of countries other than the United States of America entering Canada,10
1984,Beaver Creek,Canadian-resident visitors returning to Canada,9573
1984,Beaver Creek,United States of America residents entering Canada,103624
1984,Dawson,Canadian-resident visitors returning to Canada,136
1984,Dawson,United States of America residents entering Canada,652
1984,Beaver Creek,Residents of countries other than the United States of America entering Canada,2908
1984,Fraser,Residents of countries other than the United States of America entering Canada,2216
1984,Fraser,Canadian-resident visitors returning to Canada,22729
1984,Little Gold Creek,Canadian-resident visitors returning to Canada,3237
1984,Little Gold Creek,United States of America residents entering Canada,9331
1984,Whitehorse,Residents of countries other than the United States of America entering Canada,115
1984,Fraser,United States of America residents entering Canada,41851
1984,Old Crow,United States of America residents entering Canada,165
1984,Little Gold Creek,Residents of countries other than the United States of America entering Canada,345
1984,Pleasant Camp,Residents of countries other than the United States of America entering Canada,578
1984,Old Crow,Canadian-resident visitors returning to Canada,88
1984,Old Crow,Residents of countries other than the United States of America entering Canada,0
1984,Pleasant Camp,Canadian-resident visitors returning to Canada,7849
1984,Pleasant Camp,United States of America residents entering Canada,27923
1984,Whitehorse,Canadian-resident visitors returning to Canada,1254
1984,Whitehorse,United States of America residents entering Canada,6347
1989,Beaver Creek,Canadian-resident visitors returning to Canada,13481
1989,Dawson,Canadian-resident visitors returning to Canada,665
1989,Dawson,Residents of countries other than the United States of America entering Canada,282
1989,Dawson,United States of America residents entering Canada,2778
1989,Beaver Creek,Residents of countries other than the United States of America entering Canada,4379
1989,Fraser,United States of America residents entering Canada,49216
1989,Fraser,Canadian-resident visitors returning to Canada,34091
1989,Fraser,Residents of countries other than the United States of America entering Canada,4394
1989,Beaver Creek,United States of America residents entering Canada,99286
1989,Little Gold Creek,Canadian-resident visitors returning to Canada,4197
1989,Pleasant Camp,United States of America residents entering Canada,27681
1989,Pleasant Camp,Residents of countries other than the United States of America entering Canada,1274
1989,Little Gold Creek,United States of America residents entering Canada,11496
1989,Little Gold Creek,Residents of countries other than the United States of America entering Canada,2515
1989,Whitehorse,Canadian-resident visitors returning to Canada,1522
1989,Whitehorse,Residents of countries other than the United States of America entering Canada,84
1989,Old Crow,United States of America residents entering Canada,374
1989,Old Crow,Canadian-resident visitors returning to Canada,104
1989,Old Crow,Residents of countries other than the United States of America entering Canada,6
1989,Pleasant Camp,Canadian-resident visitors returning to Canada,10608
1989,Whitehorse,United States of America residents entering Canada,3015
1991,Beaver Creek,Residents of countries other than the United States of America entering Canada,5215
1991,Dawson,Canadian-resident visitors returning to Canada,689
1991,Beaver Creek,Canadian-resident visitors returning to Canada,14375
1991,Beaver Creek,United States of America residents entering Canada,97343
1991,Dawson,Residents of countries other than the United States of America entering Canada,378
1991,Fraser,Canadian-resident visitors returning to Canada,31952
1991,Little Gold Creek,United States of America residents entering Canada,11832
1991,Dawson,United States of America residents entering Canada,3560
1991,Old Crow,United States of America residents entering Canada,127
1991,Fraser,Residents of countries other than the United States of America entering Canada,5396
1991,Little Gold Creek,Canadian-resident visitors returning to Canada,3739
1991,Fraser,United States of America residents entering Canada,48012
1991,Old Crow,Canadian-resident visitors returning to Canada,59
1991,Little Gold Creek,Residents of countries other than the United States of America entering Canada,2824
1991,Whitehorse,United States of America residents entering Canada,2209
1991,Old Crow,Residents of countries other than the United States of America entering Canada,2
1991,Pleasant Camp,Canadian-resident visitors returning to Canada,11704
1991,Pleasant Camp,Residents of countries other than the United States of America entering Canada,1904
1991,Pleasant Camp,United States of America residents entering Canada,31557
1991,Whitehorse,Canadian-resident visitors returning to Canada,2166
1991,Whitehorse,Residents of countries other than the United States of America entering Canada,168
1998,Beaver Creek,Canadian-resident visitors returning to Canada,12759
1998,Beaver Creek,Residents of countries other than the United States of America entering Canada,7809
1998,Beaver Creek,United States of America residents entering Canada,100016
1998,Dawson,Canadian-resident visitors returning to Canada,540
1998,Little Gold Creek,United States of America residents entering Canada,14371
1998,Dawson,Residents of countries other than the United States of America entering Canada,466
1998,Fraser,United States of America residents entering Canada,107446
1998,Dawson,United States of America residents entering Canada,6168
1998,Little Gold Creek,Canadian-resident visitors returning to Canada,4693
1998,Old Crow,United States of America residents entering Canada,168
1998,Little Gold Creek,Residents of countries other than the United States of America entering Canada,4918
1998,Fraser,Canadian-resident visitors returning to Canada,46739
1998,Old Crow,Canadian-resident visitors returning to Canada,75
1998,Pleasant Camp,United States of America residents entering Canada,31298
1998,Old Crow,Residents of countries other than the United States of America entering Canada,3
1998,Fraser,Residents of countries other than the United States of America entering Canada,11787
1998,Whitehorse,United States of America residents entering Canada,4897
1998,Whitehorse,Canadian-resident visitors returning to Canada,1650
1998,Pleasant Camp,Canadian-resident visitors returning to Canada,9462
1998,Pleasant Camp,Residents of countries other than the United States of America entering Canada,3911
1998,Whitehorse,Residents of countries other than the United States of America entering Canada,5306
2000,Beaver Creek,Canadian-resident visitors returning to Canada,12407
2000,Beaver Creek,Residents of countries other than the United States of America entering Canada,7875
2000,Beaver Creek,United States of America residents entering Canada,94449
2000,Dawson,Canadian-resident visitors returning to Canada,1041
2000,Dawson,Residents of countries other than the United States of America entering Canada,511
2000,Little Gold Creek,United States of America residents entering Canada,12120
2000,Dawson,United States of America residents entering Canada,7272
2000,Fraser,Canadian-resident visitors returning to Canada,37666
2000,Fraser,Residents of countries other than the United States of America entering Canada,12226
2000,Old Crow,United States of America residents entering Canada,47
2000,Little Gold Creek,Canadian-resident visitors returning to Canada,3750
2000,Fraser,United States of America residents entering Canada,122524
2000,Old Crow,Canadian-resident visitors returning to Canada,46
2000,Pleasant Camp,Residents of countries other than the United States of America entering Canada,3428
2000,Whitehorse,United States of America residents entering Canada,4069
2000,Little Gold Creek,Residents of countries other than the United States of America entering Canada,8010
2000,Old Crow,Residents of countries other than the United States of America entering Canada,0
2000,Pleasant Camp,Canadian-resident visitors returning to Canada,8343
2000,Pleasant Camp,United States of America residents entering Canada,29734
2000,Whitehorse,Canadian-resident visitors returning to Canada,1148
2000,Whitehorse,Residents of countries other than the United States of America entering Canada,4791
2007,Beaver Creek,Canadian-resident visitors returning to Canada,12540
2007,Beaver Creek,United States of America residents entering Canada,74885
2007,Beaver Creek,Residents of countries other than the United States of America entering Canada,5534
2007,Dawson,Canadian-resident visitors returning to Canada,1189
2007,Dawson,Residents of countries other than the United States of America entering Canada,923
2007,Fraser,United States of America residents entering Canada,209817
2007,Little Gold Creek,United States of America residents entering Canada,9212
2007,Dawson,United States of America residents entering Canada,6681
2007,Old Crow,United States of America residents entering Canada,22
2007,Little Gold Creek,Canadian-resident visitors returning to Canada,2902
2007,Pleasant Camp,United States of America residents entering Canada,23683
2007,Fraser,Canadian-resident visitors returning to Canada,35269
2007,Whitehorse,Canadian-resident visitors returning to Canada,972
2007,Little Gold Creek,Residents of countries other than the United States of America entering Canada,3848
2007,Fraser,Residents of countries other than the United States of America entering Canada,17409
2007,Old Crow,Canadian-resident visitors returning to Canada,0
2007,Old Crow,Residents of countries other than the United States of America entering Canada,1
2007,Whitehorse,United States of America residents entering Canada,992
2007,Pleasant Camp,Canadian-resident visitors returning to Canada,9926
2007,Pleasant Camp,Residents of countries other than the United States of America entering Canada,2994
2007,Whitehorse,Residents of countries other than the United States of America entering Canada,4275
2009,Dawson,Residents of countries other than the United States of America entering Canada,397
2009,Beaver Creek,United States of America residents entering Canada,58344
2009,Beaver Creek,Canadian-resident visitors returning to Canada,10052
2009,Dawson,Canadian-resident visitors returning to Canada,535
2009,Beaver Creek,Residents of countries other than the United States of America entering Canada,4484
2009,Dawson,United States of America residents entering Canada,2822
2009,Little Gold Creek,United States of America residents entering Canada,6435
2009,Fraser,Canadian-resident visitors returning to Canada,42544
2009,Old Crow,United States of America residents entering Canada,28
2009,Fraser,Residents of countries other than the United States of America entering Canada,16387
2009,Pleasant Camp,Residents of countries other than the United States of America entering Canada,2722
2009,Fraser,United States of America residents entering Canada,175043
2009,Little Gold Creek,Canadian-resident visitors returning to Canada,2878
2009,Little Gold Creek,Residents of countries other than the United States of America entering Canada,3805
2009,Old Crow,Canadian-resident visitors returning to Canada,13
2009,Old Crow,Residents of countries other than the United States of America entering Canada,0
2009,Whitehorse,Residents of countries other than the United States of America entering Canada,4303
2009,Pleasant Camp,Canadian-resident visitors returning to Canada,8952
2009,Pleasant Camp,United States of America residents entering Canada,17072
2009,Whitehorse,Canadian-resident visitors returning to Canada,763
2009,Whitehorse,United States of America residents entering Canada,769
2014,Beaver Creek,Canadian-resident visitors returning to Canada,8846
2014,Dawson,Residents of countries other than the United States of America entering Canada,482
2014,Dawson,Canadian-resident visitors returning to Canada,1188
2014,Dawson,United States of America residents entering Canada,5340
2014,Beaver Creek,Residents of countries other than the United States of America entering Canada,4211
2014,Fraser,Canadian-resident visitors returning to Canada,53423
2014,Fraser,United States of America residents entering Canada,211003
2014,Fraser,Residents of countries other than the United States of America entering Canada,29941
2014,Beaver Creek,United States of America residents entering Canada,51890
2014,Pleasant Camp,United States of America residents entering Canada,15981
2014,Little Gold Creek,Canadian-resident visitors returning to Canada,2577
2014,Pleasant Camp,Residents of countries other than the United States of America entering Canada,2834
2014,Little Gold Creek,United States of America residents entering Canada,5703
2014,Whitehorse,Canadian-resident visitors returning to Canada,1243
2014,Little Gold Creek,Residents of countries other than the United States of America entering Canada,4328
2014,Whitehorse,Residents of countries other than the United States of America entering Canada,3436
2014,Old Crow,United States of America residents entering Canada,15
2014,Old Crow,Canadian-resident visitors returning to Canada,3
2014,Old Crow,Residents of countries other than the United States of America entering Canada,0
2014,Pleasant Camp,Canadian-resident visitors returning to Canada,10946
2014,Whitehorse,United States of America residents entering Canada,496
2016,Beaver Creek,Residents of countries other than the United States of America entering Canada,4192
2016,Beaver Creek,Canadian-resident visitors returning to Canada,9127
2016,Dawson,Canadian-resident visitors returning to Canada,993
2016,Beaver Creek,United States of America residents entering Canada,58971
2016,Dawson,Residents of countries other than the United States of America entering Canada,411
2016,Dawson,United States of America residents entering Canada,5190
2016,Fraser,Canadian-resident visitors returning to Canada,45833
2016,Little Gold Creek,Canadian-resident visitors returning to Canada,3088
2016,Little Gold Creek,United States of America residents entering Canada,6951
2016,Old Crow,Canadian-resident visitors returning to Canada,2
2016,Fraser,Residents of countries other than the United States of America entering Canada,27504
2016,Whitehorse,United States of America residents entering Canada,477
2016,Old Crow,United States of America residents entering Canada,4
2016,Fraser,United States of America residents entering Canada,209115
2016,Little Gold Creek,Residents of countries other than the United States of America entering Canada,4850
2016,Old Crow,Residents of countries other than the United States of America entering Canada,0
2016,Pleasant Camp,Canadian-resident visitors returning to Canada,13525
2016,Pleasant Camp,Residents of countries other than the United States of America entering Canada,3720
2016,Pleasant Camp,United States of America residents entering Canada,20968
2016,Whitehorse,Canadian-resident visitors returning to Canada,937
2016,Whitehorse,Residents of countries other than the United States of America entering Canada,3386
2018,Dawson,Residents of countries other than the United States of America entering Canada,712
2018,Beaver Creek,Canadian-resident visitors returning to Canada,12029
2018,Beaver Creek,United States of America residents entering Canada,69733
2018,Dawson,Canadian-resident visitors returning to Canada,1030
2018,Dawson,United States of America residents entering Canada,5472
2018,Beaver Creek,Residents of countries other than the United States of America entering Canada,5017
2018,Fraser,Residents of countries other than the United States of America entering Canada,34566
2018,Fraser,Canadian-resident visitors returning to Canada,54093
2018,Whitehorse,Residents of countries other than the United States of America entering Canada,3406
2018,Little Gold Creek,United States of America residents entering Canada,7044
2018,Fraser,United States of America residents entering Canada,262761
2018,Old Crow,United States of America residents entering Canada,10
2018,Little Gold Creek,Canadian-resident visitors returning to Canada,3447
2018,Pleasant Camp,Residents of countries other than the United States of America entering Canada,2373
2018,Little Gold Creek,Residents of countries other than the United States of America entering Canada,4728
2018,Old Crow,Canadian-resident visitors returning to Canada,0
2018,Old Crow,Residents of countries other than the United States of America entering Canada,0
2018,Pleasant Camp,Canadian-resident visitors returning to Canada,14504
2018,Pleasant Camp,United States of America residents entering Canada,19641
2018,Whitehorse,Canadian-resident visitors returning to Canada,608
2018,Whitehorse,United States of America residents entering Canada,614
2023,Beaver Creek,Canadian-resident visitors returning to Canada,9206
2023,Beaver Creek,United States of America residents entering Canada,54513
2023,Dawson,Residents of countries other than the United States of America entering Canada,469
2023,Dawson,Canadian-resident visitors returning to Canada,719
2023,Beaver Creek,Residents of countries other than the United States of America entering Canada,3185
2023,Fraser,United States of America residents entering Canada,233494
2023,Old Crow,United States of America residents entering Canada,19
2023,Dawson,United States of America residents entering Canada,4896
2023,Little Gold Creek,United States of America residents entering Canada,5381
2023,Little Gold Creek,Canadian-resident visitors returning to Canada,2498
2023,Pleasant Camp,United States of America residents entering Canada,17641
2023,Fraser,Canadian-resident visitors returning to Canada,63230
2023,Whitehorse,Canadian-resident visitors returning to Canada,869
2023,Little Gold Creek,Residents of countries other than the United States of America entering Canada,2183
2023,Fraser,Residents of countries other than the United States of America entering Canada,37772
2023,Old Crow,Canadian-resident visitors returning to Canada,0
2023,Pleasant Camp,Canadian-resident visitors returning to Canada,12820
2023,Old Crow,Residents of countries other than the United States of America entering Canada,0
2023,Pleasant Camp,Residents of countries other than the United States of America entering Canada,2332
2023,Whitehorse,United States of America residents entering Canada,583
2023,Whitehorse,Residents of countries other than the United States of America entering Canada,2213
