date,year,month,industry,monthly_total,prev_year_monthly_total,monthly_percentage_difference,ytd_avg,prev_year_ytd_avg,ytd_percentage_difference,ytd_total_2019,c2019_percentage_difference,ytd_month_range
2015-01-01,2015,1,Accommodation (tourism),49,,,49,0,,60,-18.3,January - January
2015-02-01,2015,2,Accommodation (tourism),54,,,51,0,,59,-13.6,January - February
2015-03-01,2015,3,Accommodation (tourism),54,,,52,0,,60,-13.3,January - March
2015-04-01,2015,4,Accommodation (tourism),54,,,52,0,,60,-13.3,January - April
2015-05-01,2015,5,Accommodation (tourism),55,,,53,0,,61,-13.1,January - May
2015-06-01,2015,6,Accommodation (tourism),53,,,53,0,,62,-14.5,January - June
2015-07-01,2015,7,Accommodation (tourism),54,,,53,0,,62,-14.5,January - July
2015-08-01,2015,8,Accommodation (tourism),57,,,53,0,,62,-14.5,January - August
2015-09-01,2015,9,Accommodation (tourism),55,,,53,0,,62,-14.5,January - September
2015-10-01,2015,10,Accommodation (tourism),54,,,53,0,,62,-14.5,January - October
2015-11-01,2015,11,Accommodation (tourism),51,,,53,0,,62,-14.5,January - November
2015-12-01,2015,12,Accommodation (tourism),55,,,53,0,,62,-14.5,January - December
2015-01-01,2015,1,Air transportation (tourism),15,,,15,0,,16,-6.3,January - January
2015-02-01,2015,2,Air transportation (tourism),13,,,14,0,,16,-12.5,January - February
2015-03-01,2015,3,Air transportation (tourism),13,,,13,0,,16,-18.8,January - March
2015-04-01,2015,4,Air transportation (tourism),13,,,13,0,,16,-18.8,January - April
2015-05-01,2015,5,Air transportation (tourism),14,,,13,0,,16,-18.8,January - May
2015-06-01,2015,6,Air transportation (tourism),14,,,13,0,,16,-18.8,January - June
2015-07-01,2015,7,Air transportation (tourism),14,,,13,0,,16,-18.8,January - July
2015-08-01,2015,8,Air transportation (tourism),14,,,13,0,,16,-18.8,January - August
2015-09-01,2015,9,Air transportation (tourism),14,,,13,0,,16,-18.8,January - September
2015-10-01,2015,10,Air transportation (tourism),14,,,13,0,,16,-18.8,January - October
2015-11-01,2015,11,Air transportation (tourism),14,,,13,0,,16,-18.8,January - November
2015-12-01,2015,12,Air transportation (tourism),15,,,13,0,,15,-13.3,January - December
2015-01-01,2015,1,Food and beverage services (tourism),60,,,60,0,,69,-13.0,January - January
2015-02-01,2015,2,Food and beverage services (tourism),62,,,61,0,,68,-10.3,January - February
2015-03-01,2015,3,Food and beverage services (tourism),61,,,61,0,,68,-10.3,January - March
2015-04-01,2015,4,Food and beverage services (tourism),62,,,61,0,,68,-10.3,January - April
2015-05-01,2015,5,Food and beverage services (tourism),60,,,61,0,,69,-11.6,January - May
2015-06-01,2015,6,Food and beverage services (tourism),61,,,61,0,,69,-11.6,January - June
2015-07-01,2015,7,Food and beverage services (tourism),61,,,61,0,,69,-11.6,January - July
2015-08-01,2015,8,Food and beverage services (tourism),59,,,60,0,,70,-14.3,January - August
2015-09-01,2015,9,Food and beverage services (tourism),61,,,60,0,,70,-14.3,January - September
2015-10-01,2015,10,Food and beverage services (tourism),61,,,60,0,,70,-14.3,January - October
2015-11-01,2015,11,Food and beverage services (tourism),62,,,60,0,,70,-14.3,January - November
2015-12-01,2015,12,Food and beverage services (tourism),61,,,60,0,,70,-14.3,January - December
2015-01-01,2015,1,Recreation and entertainment (tourism),37,,,37,0,,33,12.1,January - January
2015-02-01,2015,2,Recreation and entertainment (tourism),36,,,36,0,,33,9.1,January - February
2015-03-01,2015,3,Recreation and entertainment (tourism),37,,,36,0,,33,9.1,January - March
2015-04-01,2015,4,Recreation and entertainment (tourism),37,,,36,0,,32,12.5,January - April
2015-05-01,2015,5,Recreation and entertainment (tourism),36,,,36,0,,32,12.5,January - May
2015-06-01,2015,6,Recreation and entertainment (tourism),35,,,36,0,,32,12.5,January - June
2015-07-01,2015,7,Recreation and entertainment (tourism),37,,,36,0,,32,12.5,January - July
2015-08-01,2015,8,Recreation and entertainment (tourism),36,,,36,0,,32,12.5,January - August
2015-09-01,2015,9,Recreation and entertainment (tourism),37,,,36,0,,32,12.5,January - September
2015-10-01,2015,10,Recreation and entertainment (tourism),41,,,36,0,,32,12.5,January - October
2015-11-01,2015,11,Recreation and entertainment (tourism),37,,,36,0,,32,12.5,January - November
2015-12-01,2015,12,Recreation and entertainment (tourism),38,,,37,0,,32,15.6,January - December
2015-01-01,2015,1,Total Tourism industry,178,,,178,0,,195,-8.7,January - January
2015-02-01,2015,2,Total Tourism industry,189,,,183,0,,195,-6.2,January - February
2015-03-01,2015,3,Total Tourism industry,186,,,184,0,,195,-5.6,January - March
2015-04-01,2015,4,Total Tourism industry,185,,,184,0,,197,-6.6,January - April
2015-05-01,2015,5,Total Tourism industry,183,,,184,0,,198,-7.1,January - May
2015-06-01,2015,6,Total Tourism industry,185,,,184,0,,199,-7.5,January - June
2015-07-01,2015,7,Total Tourism industry,188,,,184,0,,199,-7.5,January - July
2015-08-01,2015,8,Total Tourism industry,189,,,185,0,,200,-7.5,January - August
2015-09-01,2015,9,Total Tourism industry,189,,,185,0,,200,-7.5,January - September
2015-10-01,2015,10,Total Tourism industry,191,,,186,0,,201,-7.5,January - October
2015-11-01,2015,11,Total Tourism industry,184,,,186,0,,201,-7.5,January - November
2015-12-01,2015,12,Total Tourism industry,192,,,186,0,,201,-7.5,January - December
2016-01-01,2016,1,Accommodation (tourism),57,49,16.3,57,49,16.3,60,-5.0,January - January
2016-02-01,2016,2,Accommodation (tourism),56,54,3.7,56,51,9.8,59,-5.1,January - February
2016-03-01,2016,3,Accommodation (tourism),58,54,7.4,57,52,9.6,60,-5.0,January - March
2016-04-01,2016,4,Accommodation (tourism),58,54,7.4,57,52,9.6,60,-5.0,January - April
2016-05-01,2016,5,Accommodation (tourism),60,55,9.1,57,53,7.5,61,-6.6,January - May
2016-06-01,2016,6,Accommodation (tourism),62,53,17.0,58,53,9.4,62,-6.5,January - June
2016-07-01,2016,7,Accommodation (tourism),63,54,16.7,59,53,11.3,62,-4.8,January - July
2016-08-01,2016,8,Accommodation (tourism),61,57,7.0,59,53,11.3,62,-4.8,January - August
2016-09-01,2016,9,Accommodation (tourism),60,55,9.1,59,53,11.3,62,-4.8,January - September
2016-10-01,2016,10,Accommodation (tourism),60,54,11.1,59,53,11.3,62,-4.8,January - October
2016-11-01,2016,11,Accommodation (tourism),61,51,19.6,59,53,11.3,62,-4.8,January - November
2016-12-01,2016,12,Accommodation (tourism),60,55,9.1,59,53,11.3,62,-4.8,January - December
2016-01-01,2016,1,Air transportation (tourism),15,15,0.0,15,15,0.0,16,-6.3,January - January
2016-02-01,2016,2,Air transportation (tourism),15,13,15.4,15,14,7.1,16,-6.3,January - February
2016-03-01,2016,3,Air transportation (tourism),15,13,15.4,15,13,15.4,16,-6.3,January - March
2016-04-01,2016,4,Air transportation (tourism),15,13,15.4,15,13,15.4,16,-6.3,January - April
2016-05-01,2016,5,Air transportation (tourism),15,14,7.1,15,13,15.4,16,-6.3,January - May
2016-06-01,2016,6,Air transportation (tourism),15,14,7.1,15,13,15.4,16,-6.3,January - June
2016-07-01,2016,7,Air transportation (tourism),15,14,7.1,15,13,15.4,16,-6.3,January - July
2016-08-01,2016,8,Air transportation (tourism),15,14,7.1,15,13,15.4,16,-6.3,January - August
2016-09-01,2016,9,Air transportation (tourism),15,14,7.1,15,13,15.4,16,-6.3,January - September
2016-10-01,2016,10,Air transportation (tourism),15,14,7.1,15,13,15.4,16,-6.3,January - October
2016-11-01,2016,11,Air transportation (tourism),15,14,7.1,15,13,15.4,16,-6.3,January - November
2016-12-01,2016,12,Air transportation (tourism),15,15,0.0,15,13,15.4,15,0.0,January - December
2016-01-01,2016,1,Food and beverage services (tourism),64,60,6.7,64,60,6.7,69,-7.2,January - January
2016-02-01,2016,2,Food and beverage services (tourism),65,62,4.8,64,61,4.9,68,-5.9,January - February
2016-03-01,2016,3,Food and beverage services (tourism),67,61,9.8,65,61,6.6,68,-4.4,January - March
2016-04-01,2016,4,Food and beverage services (tourism),67,62,8.1,65,61,6.6,68,-4.4,January - April
2016-05-01,2016,5,Food and beverage services (tourism),69,60,15.0,66,61,8.2,69,-4.3,January - May
2016-06-01,2016,6,Food and beverage services (tourism),70,61,14.8,67,61,9.8,69,-2.9,January - June
2016-07-01,2016,7,Food and beverage services (tourism),68,61,11.5,67,61,9.8,69,-2.9,January - July
2016-08-01,2016,8,Food and beverage services (tourism),69,59,16.9,67,60,11.7,70,-4.3,January - August
2016-09-01,2016,9,Food and beverage services (tourism),68,61,11.5,67,60,11.7,70,-4.3,January - September
2016-10-01,2016,10,Food and beverage services (tourism),65,61,6.6,67,60,11.7,70,-4.3,January - October
2016-11-01,2016,11,Food and beverage services (tourism),69,62,11.3,67,60,11.7,70,-4.3,January - November
2016-12-01,2016,12,Food and beverage services (tourism),71,61,16.4,67,60,11.7,70,-4.3,January - December
2016-01-01,2016,1,Recreation and entertainment (tourism),37,37,0.0,37,37,0.0,33,12.1,January - January
2016-02-01,2016,2,Recreation and entertainment (tourism),35,36,-2.8,36,36,0.0,33,9.1,January - February
2016-03-01,2016,3,Recreation and entertainment (tourism),35,37,-5.4,35,36,-2.8,33,6.1,January - March
2016-04-01,2016,4,Recreation and entertainment (tourism),39,37,5.4,36,36,0.0,32,12.5,January - April
2016-05-01,2016,5,Recreation and entertainment (tourism),42,36,16.7,37,36,2.8,32,15.6,January - May
2016-06-01,2016,6,Recreation and entertainment (tourism),40,35,14.3,38,36,5.6,32,18.8,January - June
2016-07-01,2016,7,Recreation and entertainment (tourism),40,37,8.1,38,36,5.6,32,18.8,January - July
2016-08-01,2016,8,Recreation and entertainment (tourism),40,36,11.1,38,36,5.6,32,18.8,January - August
2016-09-01,2016,9,Recreation and entertainment (tourism),40,37,8.1,38,36,5.6,32,18.8,January - September
2016-10-01,2016,10,Recreation and entertainment (tourism),39,41,-4.9,38,36,5.6,32,18.8,January - October
2016-11-01,2016,11,Recreation and entertainment (tourism),39,37,5.4,38,36,5.6,32,18.8,January - November
2016-12-01,2016,12,Recreation and entertainment (tourism),38,38,0.0,38,37,2.7,32,18.8,January - December
2016-01-01,2016,1,Total Tourism industry,192,178,7.9,192,178,7.9,195,-1.5,January - January
2016-02-01,2016,2,Total Tourism industry,191,189,1.1,191,183,4.4,195,-2.1,January - February
2016-03-01,2016,3,Total Tourism industry,193,186,3.8,192,184,4.3,195,-1.5,January - March
2016-04-01,2016,4,Total Tourism industry,198,185,7.0,193,184,4.9,197,-2.0,January - April
2016-05-01,2016,5,Total Tourism industry,202,183,10.4,195,184,6.0,198,-1.5,January - May
2016-06-01,2016,6,Total Tourism industry,208,185,12.4,197,184,7.1,199,-1.0,January - June
2016-07-01,2016,7,Total Tourism industry,203,188,8.0,198,184,7.6,199,-0.5,January - July
2016-08-01,2016,8,Total Tourism industry,203,189,7.4,198,185,7.0,200,-1.0,January - August
2016-09-01,2016,9,Total Tourism industry,201,189,6.3,199,185,7.6,200,-0.5,January - September
2016-10-01,2016,10,Total Tourism industry,200,191,4.7,199,186,7.0,201,-1.0,January - October
2016-11-01,2016,11,Total Tourism industry,202,184,9.8,199,186,7.0,201,-1.0,January - November
2016-12-01,2016,12,Total Tourism industry,201,192,4.7,199,186,7.0,201,-1.0,January - December
2017-01-01,2017,1,Accommodation (tourism),61,57,7.0,61,57,7.0,60,1.7,January - January
2017-02-01,2017,2,Accommodation (tourism),60,56,7.1,60,56,7.1,59,1.7,January - February
2017-03-01,2017,3,Accommodation (tourism),56,58,-3.4,59,57,3.5,60,-1.7,January - March
2017-04-01,2017,4,Accommodation (tourism),60,58,3.4,59,57,3.5,60,-1.7,January - April
2017-05-01,2017,5,Accommodation (tourism),60,60,0.0,59,57,3.5,61,-3.3,January - May
2017-06-01,2017,6,Accommodation (tourism),61,62,-1.6,59,58,1.7,62,-4.8,January - June
2017-07-01,2017,7,Accommodation (tourism),60,63,-4.8,59,59,0.0,62,-4.8,January - July
2017-08-01,2017,8,Accommodation (tourism),59,61,-3.3,59,59,0.0,62,-4.8,January - August
2017-09-01,2017,9,Accommodation (tourism),62,60,3.3,59,59,0.0,62,-4.8,January - September
2017-10-01,2017,10,Accommodation (tourism),64,60,6.7,60,59,1.7,62,-3.2,January - October
2017-11-01,2017,11,Accommodation (tourism),61,61,0.0,60,59,1.7,62,-3.2,January - November
2017-12-01,2017,12,Accommodation (tourism),60,60,0.0,60,59,1.7,62,-3.2,January - December
2017-01-01,2017,1,Air transportation (tourism),15,15,0.0,15,15,0.0,16,-6.3,January - January
2017-02-01,2017,2,Air transportation (tourism),15,15,0.0,15,15,0.0,16,-6.3,January - February
2017-03-01,2017,3,Air transportation (tourism),15,15,0.0,15,15,0.0,16,-6.3,January - March
2017-04-01,2017,4,Air transportation (tourism),16,15,6.7,15,15,0.0,16,-6.3,January - April
2017-05-01,2017,5,Air transportation (tourism),16,15,6.7,15,15,0.0,16,-6.3,January - May
2017-06-01,2017,6,Air transportation (tourism),16,15,6.7,15,15,0.0,16,-6.3,January - June
2017-07-01,2017,7,Air transportation (tourism),16,15,6.7,15,15,0.0,16,-6.3,January - July
2017-08-01,2017,8,Air transportation (tourism),16,15,6.7,15,15,0.0,16,-6.3,January - August
2017-09-01,2017,9,Air transportation (tourism),16,15,6.7,15,15,0.0,16,-6.3,January - September
2017-10-01,2017,10,Air transportation (tourism),15,15,0.0,15,15,0.0,16,-6.3,January - October
2017-11-01,2017,11,Air transportation (tourism),15,15,0.0,15,15,0.0,16,-6.3,January - November
2017-12-01,2017,12,Air transportation (tourism),15,15,0.0,15,15,0.0,15,0.0,January - December
2017-01-01,2017,1,Food and beverage services (tourism),70,64,9.4,70,64,9.4,69,1.4,January - January
2017-02-01,2017,2,Food and beverage services (tourism),67,65,3.1,68,64,6.3,68,0.0,January - February
2017-03-01,2017,3,Food and beverage services (tourism),67,67,0.0,68,65,4.6,68,0.0,January - March
2017-04-01,2017,4,Food and beverage services (tourism),67,67,0.0,67,65,3.1,68,-1.5,January - April
2017-05-01,2017,5,Food and beverage services (tourism),72,69,4.3,68,66,3.0,69,-1.4,January - May
2017-06-01,2017,6,Food and beverage services (tourism),69,70,-1.4,68,67,1.5,69,-1.4,January - June
2017-07-01,2017,7,Food and beverage services (tourism),69,68,1.5,68,67,1.5,69,-1.4,January - July
2017-08-01,2017,8,Food and beverage services (tourism),70,69,1.4,68,67,1.5,70,-2.9,January - August
2017-09-01,2017,9,Food and beverage services (tourism),68,68,0.0,68,67,1.5,70,-2.9,January - September
2017-10-01,2017,10,Food and beverage services (tourism),67,65,3.1,68,67,1.5,70,-2.9,January - October
2017-11-01,2017,11,Food and beverage services (tourism),67,69,-2.9,68,67,1.5,70,-2.9,January - November
2017-12-01,2017,12,Food and beverage services (tourism),66,71,-7.0,68,67,1.5,70,-2.9,January - December
2017-01-01,2017,1,Recreation and entertainment (tourism),39,37,5.4,39,37,5.4,33,18.2,January - January
2017-02-01,2017,2,Recreation and entertainment (tourism),38,35,8.6,38,36,5.6,33,15.2,January - February
2017-03-01,2017,3,Recreation and entertainment (tourism),37,35,5.7,38,35,8.6,33,15.2,January - March
2017-04-01,2017,4,Recreation and entertainment (tourism),36,39,-7.7,37,36,2.8,32,15.6,January - April
2017-05-01,2017,5,Recreation and entertainment (tourism),37,42,-11.9,37,37,0.0,32,15.6,January - May
2017-06-01,2017,6,Recreation and entertainment (tourism),36,40,-10.0,37,38,-2.6,32,15.6,January - June
2017-07-01,2017,7,Recreation and entertainment (tourism),36,40,-10.0,37,38,-2.6,32,15.6,January - July
2017-08-01,2017,8,Recreation and entertainment (tourism),36,40,-10.0,36,38,-5.3,32,12.5,January - August
2017-09-01,2017,9,Recreation and entertainment (tourism),36,40,-10.0,36,38,-5.3,32,12.5,January - September
2017-10-01,2017,10,Recreation and entertainment (tourism),34,39,-12.8,36,38,-5.3,32,12.5,January - October
2017-11-01,2017,11,Recreation and entertainment (tourism),36,39,-7.7,36,38,-5.3,32,12.5,January - November
2017-12-01,2017,12,Recreation and entertainment (tourism),35,38,-7.9,36,38,-5.3,32,12.5,January - December
2017-01-01,2017,1,Total Tourism industry,202,192,5.2,202,192,5.2,195,3.6,January - January
2017-02-01,2017,2,Total Tourism industry,201,191,5.2,201,191,5.2,195,3.1,January - February
2017-03-01,2017,3,Total Tourism industry,192,193,-0.5,198,192,3.1,195,1.5,January - March
2017-04-01,2017,4,Total Tourism industry,199,198,0.5,198,193,2.6,197,0.5,January - April
2017-05-01,2017,5,Total Tourism industry,202,202,0.0,199,195,2.1,198,0.5,January - May
2017-06-01,2017,6,Total Tourism industry,202,208,-2.9,199,197,1.0,199,0.0,January - June
2017-07-01,2017,7,Total Tourism industry,199,203,-2.0,199,198,0.5,199,0.0,January - July
2017-08-01,2017,8,Total Tourism industry,200,203,-1.5,199,198,0.5,200,-0.5,January - August
2017-09-01,2017,9,Total Tourism industry,202,201,0.5,199,199,0.0,200,-0.5,January - September
2017-10-01,2017,10,Total Tourism industry,200,200,0.0,199,199,0.0,201,-1.0,January - October
2017-11-01,2017,11,Total Tourism industry,198,202,-2.0,199,199,0.0,201,-1.0,January - November
2017-12-01,2017,12,Total Tourism industry,197,201,-2.0,199,199,0.0,201,-1.0,January - December
2018-01-01,2018,1,Accommodation (tourism),60,61,-1.6,60,61,-1.6,60,0.0,January - January
2018-02-01,2018,2,Accommodation (tourism),61,60,1.7,60,60,0.0,59,1.7,January - February
2018-03-01,2018,3,Accommodation (tourism),62,56,10.7,61,59,3.4,60,1.7,January - March
2018-04-01,2018,4,Accommodation (tourism),61,60,1.7,61,59,3.4,60,1.7,January - April
2018-05-01,2018,5,Accommodation (tourism),59,60,-1.7,60,59,1.7,61,-1.6,January - May
2018-06-01,2018,6,Accommodation (tourism),60,61,-1.6,60,59,1.7,62,-3.2,January - June
2018-07-01,2018,7,Accommodation (tourism),61,60,1.7,60,59,1.7,62,-3.2,January - July
2018-08-01,2018,8,Accommodation (tourism),63,59,6.8,60,59,1.7,62,-3.2,January - August
2018-09-01,2018,9,Accommodation (tourism),63,62,1.6,61,59,3.4,62,-1.6,January - September
2018-10-01,2018,10,Accommodation (tourism),62,64,-3.1,61,60,1.7,62,-1.6,January - October
2018-11-01,2018,11,Accommodation (tourism),59,61,-3.3,61,60,1.7,62,-1.6,January - November
2018-12-01,2018,12,Accommodation (tourism),60,60,0.0,60,60,0.0,62,-3.2,January - December
2018-01-01,2018,1,Air transportation (tourism),15,15,0.0,15,15,0.0,16,-6.3,January - January
2018-02-01,2018,2,Air transportation (tourism),14,15,-6.7,14,15,-6.7,16,-12.5,January - February
2018-03-01,2018,3,Air transportation (tourism),15,15,0.0,14,15,-6.7,16,-12.5,January - March
2018-04-01,2018,4,Air transportation (tourism),16,16,0.0,15,15,0.0,16,-6.3,January - April
2018-05-01,2018,5,Air transportation (tourism),17,16,6.3,15,15,0.0,16,-6.3,January - May
2018-06-01,2018,6,Air transportation (tourism),17,16,6.3,15,15,0.0,16,-6.3,January - June
2018-07-01,2018,7,Air transportation (tourism),17,16,6.3,15,15,0.0,16,-6.3,January - July
2018-08-01,2018,8,Air transportation (tourism),17,16,6.3,16,15,6.7,16,0.0,January - August
2018-09-01,2018,9,Air transportation (tourism),17,16,6.3,16,15,6.7,16,0.0,January - September
2018-10-01,2018,10,Air transportation (tourism),15,15,0.0,16,15,6.7,16,0.0,January - October
2018-11-01,2018,11,Air transportation (tourism),16,15,6.7,16,15,6.7,16,0.0,January - November
2018-12-01,2018,12,Air transportation (tourism),16,15,6.7,16,15,6.7,15,6.7,January - December
2018-01-01,2018,1,Food and beverage services (tourism),66,70,-5.7,66,70,-5.7,69,-4.3,January - January
2018-02-01,2018,2,Food and beverage services (tourism),67,67,0.0,66,68,-2.9,68,-2.9,January - February
2018-03-01,2018,3,Food and beverage services (tourism),68,67,1.5,67,68,-1.5,68,-1.5,January - March
2018-04-01,2018,4,Food and beverage services (tourism),71,67,6.0,68,67,1.5,68,0.0,January - April
2018-05-01,2018,5,Food and beverage services (tourism),66,72,-8.3,67,68,-1.5,69,-2.9,January - May
2018-06-01,2018,6,Food and beverage services (tourism),66,69,-4.3,67,68,-1.5,69,-2.9,January - June
2018-07-01,2018,7,Food and beverage services (tourism),68,69,-1.4,67,68,-1.5,69,-2.9,January - July
2018-08-01,2018,8,Food and beverage services (tourism),66,70,-5.7,67,68,-1.5,70,-4.3,January - August
2018-09-01,2018,9,Food and beverage services (tourism),72,68,5.9,67,68,-1.5,70,-4.3,January - September
2018-10-01,2018,10,Food and beverage services (tourism),69,67,3.0,67,68,-1.5,70,-4.3,January - October
2018-11-01,2018,11,Food and beverage services (tourism),64,67,-4.5,67,68,-1.5,70,-4.3,January - November
2018-12-01,2018,12,Food and beverage services (tourism),68,66,3.0,67,68,-1.5,70,-4.3,January - December
2018-01-01,2018,1,Recreation and entertainment (tourism),37,39,-5.1,37,39,-5.1,33,12.1,January - January
2018-02-01,2018,2,Recreation and entertainment (tourism),36,38,-5.3,36,38,-5.3,33,9.1,January - February
2018-03-01,2018,3,Recreation and entertainment (tourism),36,37,-2.7,36,38,-5.3,33,9.1,January - March
2018-04-01,2018,4,Recreation and entertainment (tourism),36,36,0.0,36,37,-2.7,32,12.5,January - April
2018-05-01,2018,5,Recreation and entertainment (tourism),35,37,-5.4,36,37,-2.7,32,12.5,January - May
2018-06-01,2018,6,Recreation and entertainment (tourism),35,36,-2.8,35,37,-5.4,32,9.4,January - June
2018-07-01,2018,7,Recreation and entertainment (tourism),35,36,-2.8,35,37,-5.4,32,9.4,January - July
2018-08-01,2018,8,Recreation and entertainment (tourism),35,36,-2.8,35,36,-2.8,32,9.4,January - August
2018-09-01,2018,9,Recreation and entertainment (tourism),35,36,-2.8,35,36,-2.8,32,9.4,January - September
2018-10-01,2018,10,Recreation and entertainment (tourism),35,34,2.9,35,36,-2.8,32,9.4,January - October
2018-11-01,2018,11,Recreation and entertainment (tourism),33,36,-8.3,35,36,-2.8,32,9.4,January - November
2018-12-01,2018,12,Recreation and entertainment (tourism),34,35,-2.9,35,36,-2.8,32,9.4,January - December
2018-01-01,2018,1,Total Tourism industry,199,202,-1.5,199,202,-1.5,195,2.1,January - January
2018-02-01,2018,2,Total Tourism industry,200,201,-0.5,199,201,-1.0,195,2.1,January - February
2018-03-01,2018,3,Total Tourism industry,203,192,5.7,200,198,1.0,195,2.6,January - March
2018-04-01,2018,4,Total Tourism industry,201,199,1.0,200,198,1.0,197,1.5,January - April
2018-05-01,2018,5,Total Tourism industry,196,202,-3.0,199,199,0.0,198,0.5,January - May
2018-06-01,2018,6,Total Tourism industry,200,202,-1.0,199,199,0.0,199,0.0,January - June
2018-07-01,2018,7,Total Tourism industry,202,199,1.5,200,199,0.5,199,0.5,January - July
2018-08-01,2018,8,Total Tourism industry,200,200,0.0,200,199,0.5,200,0.0,January - August
2018-09-01,2018,9,Total Tourism industry,206,202,2.0,200,199,0.5,200,0.0,January - September
2018-10-01,2018,10,Total Tourism industry,200,200,0.0,200,199,0.5,201,-0.5,January - October
2018-11-01,2018,11,Total Tourism industry,192,198,-3.0,199,199,0.0,201,-1.0,January - November
2018-12-01,2018,12,Total Tourism industry,197,197,0.0,199,199,0.0,201,-1.0,January - December
2019-01-01,2019,1,Accommodation (tourism),60,60,0.0,60,60,0.0,60,0.0,January - January
2019-02-01,2019,2,Accommodation (tourism),59,61,-3.3,59,60,-1.7,59,0.0,January - February
2019-03-01,2019,3,Accommodation (tourism),61,62,-1.6,60,61,-1.6,60,0.0,January - March
2019-04-01,2019,4,Accommodation (tourism),62,61,1.6,60,61,-1.6,60,0.0,January - April
2019-05-01,2019,5,Accommodation (tourism),66,59,11.9,61,60,1.7,61,0.0,January - May
2019-06-01,2019,6,Accommodation (tourism),64,60,6.7,62,60,3.3,62,0.0,January - June
2019-07-01,2019,7,Accommodation (tourism),63,61,3.3,62,60,3.3,62,0.0,January - July
2019-08-01,2019,8,Accommodation (tourism),63,63,0.0,62,60,3.3,62,0.0,January - August
2019-09-01,2019,9,Accommodation (tourism),62,63,-1.6,62,61,1.6,62,0.0,January - September
2019-10-01,2019,10,Accommodation (tourism),63,62,1.6,62,61,1.6,62,0.0,January - October
2019-11-01,2019,11,Accommodation (tourism),65,59,10.2,62,61,1.6,62,0.0,January - November
2019-12-01,2019,12,Accommodation (tourism),65,60,8.3,62,60,3.3,62,0.0,January - December
2019-01-01,2019,1,Air transportation (tourism),16,15,6.7,16,15,6.7,16,0.0,January - January
2019-02-01,2019,2,Air transportation (tourism),16,14,14.3,16,14,14.3,16,0.0,January - February
2019-03-01,2019,3,Air transportation (tourism),16,15,6.7,16,14,14.3,16,0.0,January - March
2019-04-01,2019,4,Air transportation (tourism),17,16,6.3,16,15,6.7,16,0.0,January - April
2019-05-01,2019,5,Air transportation (tourism),17,17,0.0,16,15,6.7,16,0.0,January - May
2019-06-01,2019,6,Air transportation (tourism),16,17,-5.9,16,15,6.7,16,0.0,January - June
2019-07-01,2019,7,Air transportation (tourism),16,17,-5.9,16,15,6.7,16,0.0,January - July
2019-08-01,2019,8,Air transportation (tourism),16,17,-5.9,16,16,0.0,16,0.0,January - August
2019-09-01,2019,9,Air transportation (tourism),16,17,-5.9,16,16,0.0,16,0.0,January - September
2019-10-01,2019,10,Air transportation (tourism),15,15,0.0,16,16,0.0,16,0.0,January - October
2019-11-01,2019,11,Air transportation (tourism),15,16,-6.3,16,16,0.0,16,0.0,January - November
2019-12-01,2019,12,Air transportation (tourism),15,16,-6.3,15,16,-6.3,15,0.0,January - December
2019-01-01,2019,1,Food and beverage services (tourism),69,66,4.5,69,66,4.5,69,0.0,January - January
2019-02-01,2019,2,Food and beverage services (tourism),67,67,0.0,68,66,3.0,68,0.0,January - February
2019-03-01,2019,3,Food and beverage services (tourism),69,68,1.5,68,67,1.5,68,0.0,January - March
2019-04-01,2019,4,Food and beverage services (tourism),69,71,-2.8,68,68,0.0,68,0.0,January - April
2019-05-01,2019,5,Food and beverage services (tourism),72,66,9.1,69,67,3.0,69,0.0,January - May
2019-06-01,2019,6,Food and beverage services (tourism),71,66,7.6,69,67,3.0,69,0.0,January - June
2019-07-01,2019,7,Food and beverage services (tourism),71,68,4.4,69,67,3.0,69,0.0,January - July
2019-08-01,2019,8,Food and beverage services (tourism),72,66,9.1,70,67,4.5,70,0.0,January - August
2019-09-01,2019,9,Food and beverage services (tourism),75,72,4.2,70,67,4.5,70,0.0,January - September
2019-10-01,2019,10,Food and beverage services (tourism),72,69,4.3,70,67,4.5,70,0.0,January - October
2019-11-01,2019,11,Food and beverage services (tourism),70,64,9.4,70,67,4.5,70,0.0,January - November
2019-12-01,2019,12,Food and beverage services (tourism),68,68,0.0,70,67,4.5,70,0.0,January - December
2019-01-01,2019,1,Recreation and entertainment (tourism),33,37,-10.8,33,37,-10.8,33,0.0,January - January
2019-02-01,2019,2,Recreation and entertainment (tourism),33,36,-8.3,33,36,-8.3,33,0.0,January - February
2019-03-01,2019,3,Recreation and entertainment (tourism),33,36,-8.3,33,36,-8.3,33,0.0,January - March
2019-04-01,2019,4,Recreation and entertainment (tourism),32,36,-11.1,32,36,-11.1,32,0.0,January - April
2019-05-01,2019,5,Recreation and entertainment (tourism),33,35,-5.7,32,36,-11.1,32,0.0,January - May
2019-06-01,2019,6,Recreation and entertainment (tourism),33,35,-5.7,32,35,-8.6,32,0.0,January - June
2019-07-01,2019,7,Recreation and entertainment (tourism),33,35,-5.7,32,35,-8.6,32,0.0,January - July
2019-08-01,2019,8,Recreation and entertainment (tourism),32,35,-8.6,32,35,-8.6,32,0.0,January - August
2019-09-01,2019,9,Recreation and entertainment (tourism),32,35,-8.6,32,35,-8.6,32,0.0,January - September
2019-10-01,2019,10,Recreation and entertainment (tourism),30,35,-14.3,32,35,-8.6,32,0.0,January - October
2019-11-01,2019,11,Recreation and entertainment (tourism),31,33,-6.1,32,35,-8.6,32,0.0,January - November
2019-12-01,2019,12,Recreation and entertainment (tourism),31,34,-8.8,32,35,-8.6,32,0.0,January - December
2019-01-01,2019,1,Total Tourism industry,195,199,-2.0,195,199,-2.0,195,0.0,January - January
2019-02-01,2019,2,Total Tourism industry,195,200,-2.5,195,199,-2.0,195,0.0,January - February
2019-03-01,2019,3,Total Tourism industry,197,203,-3.0,195,200,-2.5,195,0.0,January - March
2019-04-01,2019,4,Total Tourism industry,201,201,0.0,197,200,-1.5,197,0.0,January - April
2019-05-01,2019,5,Total Tourism industry,206,196,5.1,198,199,-0.5,198,0.0,January - May
2019-06-01,2019,6,Total Tourism industry,203,200,1.5,199,199,0.0,199,0.0,January - June
2019-07-01,2019,7,Total Tourism industry,201,202,-0.5,199,200,-0.5,199,0.0,January - July
2019-08-01,2019,8,Total Tourism industry,203,200,1.5,200,200,0.0,200,0.0,January - August
2019-09-01,2019,9,Total Tourism industry,206,206,0.0,200,200,0.0,200,0.0,January - September
2019-10-01,2019,10,Total Tourism industry,204,200,2.0,201,200,0.5,201,0.0,January - October
2019-11-01,2019,11,Total Tourism industry,205,192,6.8,201,199,1.0,201,0.0,January - November
2019-12-01,2019,12,Total Tourism industry,201,197,2.0,201,199,1.0,201,0.0,January - December
2020-01-01,2020,1,Accommodation (tourism),61,60,1.7,61,60,1.7,60,1.7,January - January
2020-02-01,2020,2,Accommodation (tourism),62,59,5.1,61,59,3.4,59,3.4,January - February
2020-03-01,2020,3,Accommodation (tourism),62,61,1.6,61,60,1.7,60,1.7,January - March
2020-04-01,2020,4,Accommodation (tourism),56,62,-9.7,60,60,0.0,60,0.0,January - April
2020-05-01,2020,5,Accommodation (tourism),53,66,-19.7,58,61,-4.9,61,-4.9,January - May
2020-06-01,2020,6,Accommodation (tourism),51,64,-20.3,57,62,-8.1,62,-8.1,January - June
2020-07-01,2020,7,Accommodation (tourism),57,63,-9.5,57,62,-8.1,62,-8.1,January - July
2020-08-01,2020,8,Accommodation (tourism),62,63,-1.6,58,62,-6.5,62,-6.5,January - August
2020-09-01,2020,9,Accommodation (tourism),59,62,-4.8,58,62,-6.5,62,-6.5,January - September
2020-10-01,2020,10,Accommodation (tourism),61,63,-3.2,58,62,-6.5,62,-6.5,January - October
2020-11-01,2020,11,Accommodation (tourism),64,65,-1.5,58,62,-6.5,62,-6.5,January - November
2020-12-01,2020,12,Accommodation (tourism),66,65,1.5,59,62,-4.8,62,-4.8,January - December
2020-01-01,2020,1,Air transportation (tourism),15,16,-6.3,15,16,-6.3,16,-6.3,January - January
2020-02-01,2020,2,Air transportation (tourism),15,16,-6.3,15,16,-6.3,16,-6.3,January - February
2020-03-01,2020,3,Air transportation (tourism),15,16,-6.3,15,16,-6.3,16,-6.3,January - March
2020-04-01,2020,4,Air transportation (tourism),16,17,-5.9,15,16,-6.3,16,-6.3,January - April
2020-05-01,2020,5,Air transportation (tourism),15,17,-11.8,15,16,-6.3,16,-6.3,January - May
2020-06-01,2020,6,Air transportation (tourism),16,16,0.0,15,16,-6.3,16,-6.3,January - June
2020-07-01,2020,7,Air transportation (tourism),16,16,0.0,15,16,-6.3,16,-6.3,January - July
2020-08-01,2020,8,Air transportation (tourism),16,16,0.0,15,16,-6.3,16,-6.3,January - August
2020-09-01,2020,9,Air transportation (tourism),16,16,0.0,15,16,-6.3,16,-6.3,January - September
2020-10-01,2020,10,Air transportation (tourism),15,15,0.0,15,16,-6.3,16,-6.3,January - October
2020-11-01,2020,11,Air transportation (tourism),15,15,0.0,15,16,-6.3,16,-6.3,January - November
2020-12-01,2020,12,Air transportation (tourism),14,15,-6.7,15,15,0.0,15,0.0,January - December
2020-01-01,2020,1,Food and beverage services (tourism),67,69,-2.9,67,69,-2.9,69,-2.9,January - January
2020-02-01,2020,2,Food and beverage services (tourism),66,67,-1.5,66,68,-2.9,68,-2.9,January - February
2020-03-01,2020,3,Food and beverage services (tourism),62,69,-10.1,65,68,-4.4,68,-4.4,January - March
2020-04-01,2020,4,Food and beverage services (tourism),56,69,-18.8,62,68,-8.8,68,-8.8,January - April
2020-05-01,2020,5,Food and beverage services (tourism),52,72,-27.8,60,69,-13.0,69,-13.0,January - May
2020-06-01,2020,6,Food and beverage services (tourism),62,71,-12.7,60,69,-13.0,69,-13.0,January - June
2020-07-01,2020,7,Food and beverage services (tourism),60,71,-15.5,60,69,-13.0,69,-13.0,January - July
2020-08-01,2020,8,Food and beverage services (tourism),61,72,-15.3,60,70,-14.3,70,-14.3,January - August
2020-09-01,2020,9,Food and beverage services (tourism),61,75,-18.7,60,70,-14.3,70,-14.3,January - September
2020-10-01,2020,10,Food and beverage services (tourism),61,72,-15.3,60,70,-14.3,70,-14.3,January - October
2020-11-01,2020,11,Food and beverage services (tourism),64,70,-8.6,61,70,-12.9,70,-12.9,January - November
2020-12-01,2020,12,Food and beverage services (tourism),63,68,-7.4,61,70,-12.9,70,-12.9,January - December
2020-01-01,2020,1,Recreation and entertainment (tourism),30,33,-9.1,30,33,-9.1,33,-9.1,January - January
2020-02-01,2020,2,Recreation and entertainment (tourism),30,33,-9.1,30,33,-9.1,33,-9.1,January - February
2020-03-01,2020,3,Recreation and entertainment (tourism),32,33,-3.0,30,33,-9.1,33,-9.1,January - March
2020-04-01,2020,4,Recreation and entertainment (tourism),31,32,-3.1,30,32,-6.3,32,-6.3,January - April
2020-05-01,2020,5,Recreation and entertainment (tourism),28,33,-15.2,30,32,-6.3,32,-6.3,January - May
2020-06-01,2020,6,Recreation and entertainment (tourism),26,33,-21.2,29,32,-9.4,32,-9.4,January - June
2020-07-01,2020,7,Recreation and entertainment (tourism),27,33,-18.2,29,32,-9.4,32,-9.4,January - July
2020-08-01,2020,8,Recreation and entertainment (tourism),27,32,-15.6,28,32,-12.5,32,-12.5,January - August
2020-09-01,2020,9,Recreation and entertainment (tourism),28,32,-12.5,28,32,-12.5,32,-12.5,January - September
2020-10-01,2020,10,Recreation and entertainment (tourism),30,30,0.0,28,32,-12.5,32,-12.5,January - October
2020-11-01,2020,11,Recreation and entertainment (tourism),30,31,-3.2,29,32,-9.4,32,-9.4,January - November
2020-12-01,2020,12,Recreation and entertainment (tourism),30,31,-3.2,29,32,-9.4,32,-9.4,January - December
2020-01-01,2020,1,Total Tourism industry,196,195,0.5,196,195,0.5,195,0.5,January - January
2020-02-01,2020,2,Total Tourism industry,196,195,0.5,196,195,0.5,195,0.5,January - February
2020-03-01,2020,3,Total Tourism industry,193,197,-2.0,195,195,0.0,195,0.0,January - March
2020-04-01,2020,4,Total Tourism industry,177,201,-11.9,190,197,-3.6,197,-3.6,January - April
2020-05-01,2020,5,Total Tourism industry,166,206,-19.4,185,198,-6.6,198,-6.6,January - May
2020-06-01,2020,6,Total Tourism industry,174,203,-14.3,183,199,-8.0,199,-8.0,January - June
2020-07-01,2020,7,Total Tourism industry,181,201,-10.0,183,199,-8.0,199,-8.0,January - July
2020-08-01,2020,8,Total Tourism industry,186,203,-8.4,183,200,-8.5,200,-8.5,January - August
2020-09-01,2020,9,Total Tourism industry,184,206,-10.7,183,200,-8.5,200,-8.5,January - September
2020-10-01,2020,10,Total Tourism industry,189,204,-7.4,184,201,-8.5,201,-8.5,January - October
2020-11-01,2020,11,Total Tourism industry,193,205,-5.9,185,201,-8.0,201,-8.0,January - November
2020-12-01,2020,12,Total Tourism industry,194,201,-3.5,185,201,-8.0,201,-8.0,January - December
2021-01-01,2021,1,Accommodation (tourism),67,61,9.8,67,61,9.8,60,11.7,January - January
2021-02-01,2021,2,Accommodation (tourism),65,62,4.8,66,61,8.2,59,11.9,January - February
2021-03-01,2021,3,Accommodation (tourism),64,62,3.2,65,61,6.6,60,8.3,January - March
2021-04-01,2021,4,Accommodation (tourism),66,56,17.9,65,60,8.3,60,8.3,January - April
2021-05-01,2021,5,Accommodation (tourism),62,53,17.0,64,58,10.3,61,4.9,January - May
2021-06-01,2021,6,Accommodation (tourism),62,51,21.6,64,57,12.3,62,3.2,January - June
2021-07-01,2021,7,Accommodation (tourism),63,57,10.5,64,57,12.3,62,3.2,January - July
2021-08-01,2021,8,Accommodation (tourism),61,62,-1.6,63,58,8.6,62,1.6,January - August
2021-09-01,2021,9,Accommodation (tourism),62,59,5.1,63,58,8.6,62,1.6,January - September
2021-10-01,2021,10,Accommodation (tourism),63,61,3.3,63,58,8.6,62,1.6,January - October
2021-11-01,2021,11,Accommodation (tourism),68,64,6.3,63,58,8.6,62,1.6,January - November
2021-12-01,2021,12,Accommodation (tourism),63,66,-4.5,63,59,6.8,62,1.6,January - December
2021-01-01,2021,1,Air transportation (tourism),15,15,0.0,15,15,0.0,16,-6.3,January - January
2021-02-01,2021,2,Air transportation (tourism),15,15,0.0,15,15,0.0,16,-6.3,January - February
2021-03-01,2021,3,Air transportation (tourism),15,15,0.0,15,15,0.0,16,-6.3,January - March
2021-04-01,2021,4,Air transportation (tourism),15,16,-6.3,15,15,0.0,16,-6.3,January - April
2021-05-01,2021,5,Air transportation (tourism),16,15,6.7,15,15,0.0,16,-6.3,January - May
2021-06-01,2021,6,Air transportation (tourism),16,16,0.0,15,15,0.0,16,-6.3,January - June
2021-07-01,2021,7,Air transportation (tourism),14,16,-12.5,15,15,0.0,16,-6.3,January - July
2021-08-01,2021,8,Air transportation (tourism),15,16,-6.3,15,15,0.0,16,-6.3,January - August
2021-09-01,2021,9,Air transportation (tourism),15,16,-6.3,15,15,0.0,16,-6.3,January - September
2021-10-01,2021,10,Air transportation (tourism),15,15,0.0,15,15,0.0,16,-6.3,January - October
2021-11-01,2021,11,Air transportation (tourism),15,15,0.0,15,15,0.0,16,-6.3,January - November
2021-12-01,2021,12,Air transportation (tourism),15,14,7.1,15,15,0.0,15,0.0,January - December
2021-01-01,2021,1,Food and beverage services (tourism),64,67,-4.5,64,67,-4.5,69,-7.2,January - January
2021-02-01,2021,2,Food and beverage services (tourism),65,66,-1.5,64,66,-3.0,68,-5.9,January - February
2021-03-01,2021,3,Food and beverage services (tourism),62,62,0.0,63,65,-3.1,68,-7.4,January - March
2021-04-01,2021,4,Food and beverage services (tourism),63,56,12.5,63,62,1.6,68,-7.4,January - April
2021-05-01,2021,5,Food and beverage services (tourism),59,52,13.5,62,60,3.3,69,-10.1,January - May
2021-06-01,2021,6,Food and beverage services (tourism),61,62,-1.6,62,60,3.3,69,-10.1,January - June
2021-07-01,2021,7,Food and beverage services (tourism),61,60,1.7,62,60,3.3,69,-10.1,January - July
2021-08-01,2021,8,Food and beverage services (tourism),61,61,0.0,62,60,3.3,70,-11.4,January - August
2021-09-01,2021,9,Food and beverage services (tourism),58,61,-4.9,61,60,1.7,70,-12.9,January - September
2021-10-01,2021,10,Food and beverage services (tourism),61,61,0.0,61,60,1.7,70,-12.9,January - October
2021-11-01,2021,11,Food and beverage services (tourism),64,64,0.0,61,61,0.0,70,-12.9,January - November
2021-12-01,2021,12,Food and beverage services (tourism),61,63,-3.2,61,61,0.0,70,-12.9,January - December
2021-01-01,2021,1,Recreation and entertainment (tourism),30,30,0.0,30,30,0.0,33,-9.1,January - January
2021-02-01,2021,2,Recreation and entertainment (tourism),29,30,-3.3,29,30,-3.3,33,-12.1,January - February
2021-03-01,2021,3,Recreation and entertainment (tourism),27,32,-15.6,28,30,-6.7,33,-15.2,January - March
2021-04-01,2021,4,Recreation and entertainment (tourism),29,31,-6.5,28,30,-6.7,32,-12.5,January - April
2021-05-01,2021,5,Recreation and entertainment (tourism),26,28,-7.1,28,30,-6.7,32,-12.5,January - May
2021-06-01,2021,6,Recreation and entertainment (tourism),29,26,11.5,28,29,-3.4,32,-12.5,January - June
2021-07-01,2021,7,Recreation and entertainment (tourism),29,27,7.4,28,29,-3.4,32,-12.5,January - July
2021-08-01,2021,8,Recreation and entertainment (tourism),29,27,7.4,28,28,0.0,32,-12.5,January - August
2021-09-01,2021,9,Recreation and entertainment (tourism),28,28,0.0,28,28,0.0,32,-12.5,January - September
2021-10-01,2021,10,Recreation and entertainment (tourism),27,30,-10.0,28,28,0.0,32,-12.5,January - October
2021-11-01,2021,11,Recreation and entertainment (tourism),28,30,-6.7,28,29,-3.4,32,-12.5,January - November
2021-12-01,2021,12,Recreation and entertainment (tourism),28,30,-6.7,28,29,-3.4,32,-12.5,January - December
2021-01-01,2021,1,Total Tourism industry,196,196,0.0,196,196,0.0,195,0.5,January - January
2021-02-01,2021,2,Total Tourism industry,196,196,0.0,196,196,0.0,195,0.5,January - February
2021-03-01,2021,3,Total Tourism industry,193,193,0.0,195,195,0.0,195,0.0,January - March
2021-04-01,2021,4,Total Tourism industry,193,177,9.0,194,190,2.1,197,-1.5,January - April
2021-05-01,2021,5,Total Tourism industry,181,166,9.0,191,185,3.2,198,-3.5,January - May
2021-06-01,2021,6,Total Tourism industry,190,174,9.2,191,183,4.4,199,-4.0,January - June
2021-07-01,2021,7,Total Tourism industry,191,181,5.5,191,183,4.4,199,-4.0,January - July
2021-08-01,2021,8,Total Tourism industry,188,186,1.1,191,183,4.4,200,-4.5,January - August
2021-09-01,2021,9,Total Tourism industry,188,184,2.2,190,183,3.8,200,-5.0,January - September
2021-10-01,2021,10,Total Tourism industry,189,189,0.0,190,184,3.3,201,-5.5,January - October
2021-11-01,2021,11,Total Tourism industry,199,193,3.1,191,185,3.2,201,-5.0,January - November
2021-12-01,2021,12,Total Tourism industry,191,194,-1.5,191,185,3.2,201,-5.0,January - December
2022-01-01,2022,1,Accommodation (tourism),57,67,-14.9,57,67,-14.9,60,-5.0,January - January
2022-02-01,2022,2,Accommodation (tourism),62,65,-4.6,59,66,-10.6,59,0.0,January - February
2022-03-01,2022,3,Accommodation (tourism),63,64,-1.6,60,65,-7.7,60,0.0,January - March
2022-04-01,2022,4,Accommodation (tourism),64,66,-3.0,61,65,-6.2,60,1.7,January - April
2022-05-01,2022,5,Accommodation (tourism),67,62,8.1,62,64,-3.1,61,1.6,January - May
2022-06-01,2022,6,Accommodation (tourism),65,62,4.8,63,64,-1.6,62,1.6,January - June
2022-07-01,2022,7,Accommodation (tourism),65,63,3.2,63,64,-1.6,62,1.6,January - July
2022-08-01,2022,8,Accommodation (tourism),66,61,8.2,63,63,0.0,62,1.6,January - August
2022-09-01,2022,9,Accommodation (tourism),63,62,1.6,63,63,0.0,62,1.6,January - September
2022-10-01,2022,10,Accommodation (tourism),59,63,-6.3,63,63,0.0,62,1.6,January - October
2022-11-01,2022,11,Accommodation (tourism),55,68,-19.1,62,63,-1.6,62,0.0,January - November
2022-12-01,2022,12,Accommodation (tourism),56,63,-11.1,61,63,-3.2,62,-1.6,January - December
2022-01-01,2022,1,Air transportation (tourism),15,15,0.0,15,15,0.0,16,-6.3,January - January
2022-02-01,2022,2,Air transportation (tourism),15,15,0.0,15,15,0.0,16,-6.3,January - February
2022-03-01,2022,3,Air transportation (tourism),16,15,6.7,15,15,0.0,16,-6.3,January - March
2022-04-01,2022,4,Air transportation (tourism),16,15,6.7,15,15,0.0,16,-6.3,January - April
2022-05-01,2022,5,Air transportation (tourism),15,16,-6.3,15,15,0.0,16,-6.3,January - May
2022-06-01,2022,6,Air transportation (tourism),15,16,-6.3,15,15,0.0,16,-6.3,January - June
2022-07-01,2022,7,Air transportation (tourism),15,14,7.1,15,15,0.0,16,-6.3,January - July
2022-08-01,2022,8,Air transportation (tourism),16,15,6.7,15,15,0.0,16,-6.3,January - August
2022-09-01,2022,9,Air transportation (tourism),16,15,6.7,15,15,0.0,16,-6.3,January - September
2022-10-01,2022,10,Air transportation (tourism),15,15,0.0,15,15,0.0,16,-6.3,January - October
2022-11-01,2022,11,Air transportation (tourism),16,15,6.7,15,15,0.0,16,-6.3,January - November
2022-12-01,2022,12,Air transportation (tourism),15,15,0.0,15,15,0.0,15,0.0,January - December
2022-01-01,2022,1,Food and beverage services (tourism),60,64,-6.3,60,64,-6.3,69,-13.0,January - January
2022-02-01,2022,2,Food and beverage services (tourism),59,65,-9.2,59,64,-7.8,68,-13.2,January - February
2022-03-01,2022,3,Food and beverage services (tourism),60,62,-3.2,59,63,-6.3,68,-13.2,January - March
2022-04-01,2022,4,Food and beverage services (tourism),60,63,-4.8,59,63,-6.3,68,-13.2,January - April
2022-05-01,2022,5,Food and beverage services (tourism),61,59,3.4,60,62,-3.2,69,-13.0,January - May
2022-06-01,2022,6,Food and beverage services (tourism),60,61,-1.6,60,62,-3.2,69,-13.0,January - June
2022-07-01,2022,7,Food and beverage services (tourism),63,61,3.3,60,62,-3.2,69,-13.0,January - July
2022-08-01,2022,8,Food and beverage services (tourism),62,61,1.6,60,62,-3.2,70,-14.3,January - August
2022-09-01,2022,9,Food and beverage services (tourism),63,58,8.6,60,61,-1.6,70,-14.3,January - September
2022-10-01,2022,10,Food and beverage services (tourism),62,61,1.6,61,61,0.0,70,-12.9,January - October
2022-11-01,2022,11,Food and beverage services (tourism),63,64,-1.6,61,61,0.0,70,-12.9,January - November
2022-12-01,2022,12,Food and beverage services (tourism),63,61,3.3,61,61,0.0,70,-12.9,January - December
2022-01-01,2022,1,Recreation and entertainment (tourism),26,30,-13.3,26,30,-13.3,33,-21.2,January - January
2022-02-01,2022,2,Recreation and entertainment (tourism),28,29,-3.4,27,29,-6.9,33,-18.2,January - February
2022-03-01,2022,3,Recreation and entertainment (tourism),30,27,11.1,28,28,0.0,33,-15.2,January - March
2022-04-01,2022,4,Recreation and entertainment (tourism),30,29,3.4,28,28,0.0,32,-12.5,January - April
2022-05-01,2022,5,Recreation and entertainment (tourism),31,26,19.2,29,28,3.6,32,-9.4,January - May
2022-06-01,2022,6,Recreation and entertainment (tourism),30,29,3.4,29,28,3.6,32,-9.4,January - June
2022-07-01,2022,7,Recreation and entertainment (tourism),31,29,6.9,29,28,3.6,32,-9.4,January - July
2022-08-01,2022,8,Recreation and entertainment (tourism),30,29,3.4,29,28,3.6,32,-9.4,January - August
2022-09-01,2022,9,Recreation and entertainment (tourism),29,28,3.6,29,28,3.6,32,-9.4,January - September
2022-10-01,2022,10,Recreation and entertainment (tourism),29,27,7.4,29,28,3.6,32,-9.4,January - October
2022-11-01,2022,11,Recreation and entertainment (tourism),28,28,0.0,29,28,3.6,32,-9.4,January - November
2022-12-01,2022,12,Recreation and entertainment (tourism),28,28,0.0,29,28,3.6,32,-9.4,January - December
2022-01-01,2022,1,Total Tourism industry,184,196,-6.1,184,196,-6.1,195,-5.6,January - January
2022-02-01,2022,2,Total Tourism industry,187,196,-4.6,185,196,-5.6,195,-5.1,January - February
2022-03-01,2022,3,Total Tourism industry,190,193,-1.6,187,195,-4.1,195,-4.1,January - March
2022-04-01,2022,4,Total Tourism industry,192,193,-0.5,188,194,-3.1,197,-4.6,January - April
2022-05-01,2022,5,Total Tourism industry,195,181,7.7,189,191,-1.0,198,-4.5,January - May
2022-06-01,2022,6,Total Tourism industry,191,190,0.5,189,191,-1.0,199,-5.0,January - June
2022-07-01,2022,7,Total Tourism industry,195,191,2.1,190,191,-0.5,199,-4.5,January - July
2022-08-01,2022,8,Total Tourism industry,196,188,4.3,191,191,0.0,200,-4.5,January - August
2022-09-01,2022,9,Total Tourism industry,195,188,3.7,191,190,0.5,200,-4.5,January - September
2022-10-01,2022,10,Total Tourism industry,190,189,0.5,191,190,0.5,201,-5.0,January - October
2022-11-01,2022,11,Total Tourism industry,189,199,-5.0,191,191,0.0,201,-5.0,January - November
2022-12-01,2022,12,Total Tourism industry,188,191,-1.6,191,191,0.0,201,-5.0,January - December
2023-01-01,2023,1,Accommodation (tourism),57,57,0.0,57,57,0.0,60,-5.0,January - January
2023-02-01,2023,2,Accommodation (tourism),57,62,-8.1,57,59,-3.4,59,-3.4,January - February
2023-03-01,2023,3,Accommodation (tourism),60,63,-4.8,58,60,-3.3,60,-3.3,January - March
2023-04-01,2023,4,Accommodation (tourism),56,64,-12.5,57,61,-6.6,60,-5.0,January - April
2023-05-01,2023,5,Accommodation (tourism),55,67,-17.9,57,62,-8.1,61,-6.6,January - May
2023-06-01,2023,6,Accommodation (tourism),55,65,-15.4,56,63,-11.1,62,-9.7,January - June
2023-07-01,2023,7,Accommodation (tourism),56,65,-13.8,56,63,-11.1,62,-9.7,January - July
2023-08-01,2023,8,Accommodation (tourism),55,66,-16.7,56,63,-11.1,62,-9.7,January - August
2023-09-01,2023,9,Accommodation (tourism),55,63,-12.7,56,63,-11.1,62,-9.7,January - September
2023-10-01,2023,10,Accommodation (tourism),57,59,-3.4,56,63,-11.1,62,-9.7,January - October
2023-11-01,2023,11,Accommodation (tourism),55,55,0.0,56,62,-9.7,62,-9.7,January - November
2023-12-01,2023,12,Accommodation (tourism),58,56,3.6,56,61,-8.2,62,-9.7,January - December
2023-01-01,2023,1,Air transportation (tourism),15,15,0.0,15,15,0.0,16,-6.3,January - January
2023-02-01,2023,2,Air transportation (tourism),15,15,0.0,15,15,0.0,16,-6.3,January - February
2023-03-01,2023,3,Air transportation (tourism),15,16,-6.3,15,15,0.0,16,-6.3,January - March
2023-04-01,2023,4,Air transportation (tourism),15,16,-6.3,15,15,0.0,16,-6.3,January - April
2023-05-01,2023,5,Air transportation (tourism),15,15,0.0,15,15,0.0,16,-6.3,January - May
2023-06-01,2023,6,Air transportation (tourism),15,15,0.0,15,15,0.0,16,-6.3,January - June
2023-07-01,2023,7,Air transportation (tourism),14,15,-6.7,14,15,-6.7,16,-12.5,January - July
2023-08-01,2023,8,Air transportation (tourism),14,16,-12.5,14,15,-6.7,16,-12.5,January - August
2023-09-01,2023,9,Air transportation (tourism),14,16,-12.5,14,15,-6.7,16,-12.5,January - September
2023-10-01,2023,10,Air transportation (tourism),14,15,-6.7,14,15,-6.7,16,-12.5,January - October
2023-11-01,2023,11,Air transportation (tourism),12,16,-25.0,14,15,-6.7,16,-12.5,January - November
2023-12-01,2023,12,Air transportation (tourism),13,15,-13.3,14,15,-6.7,15,-6.7,January - December
2023-01-01,2023,1,Food and beverage services (tourism),67,60,11.7,67,60,11.7,69,-2.9,January - January
2023-02-01,2023,2,Food and beverage services (tourism),68,59,15.3,67,59,13.6,68,-1.5,January - February
2023-03-01,2023,3,Food and beverage services (tourism),64,60,6.7,66,59,11.9,68,-2.9,January - March
2023-04-01,2023,4,Food and beverage services (tourism),64,60,6.7,65,59,10.2,68,-4.4,January - April
2023-05-01,2023,5,Food and beverage services (tourism),63,61,3.3,65,60,8.3,69,-5.8,January - May
2023-06-01,2023,6,Food and beverage services (tourism),65,60,8.3,65,60,8.3,69,-5.8,January - June
2023-07-01,2023,7,Food and beverage services (tourism),63,63,0.0,64,60,6.7,69,-7.2,January - July
2023-08-01,2023,8,Food and beverage services (tourism),64,62,3.2,64,60,6.7,70,-8.6,January - August
2023-09-01,2023,9,Food and beverage services (tourism),65,63,3.2,64,60,6.7,70,-8.6,January - September
2023-10-01,2023,10,Food and beverage services (tourism),66,62,6.5,64,61,4.9,70,-8.6,January - October
2023-11-01,2023,11,Food and beverage services (tourism),65,63,3.2,64,61,4.9,70,-8.6,January - November
2023-12-01,2023,12,Food and beverage services (tourism),67,63,6.3,65,61,6.6,70,-7.1,January - December
2023-01-01,2023,1,Recreation and entertainment (tourism),29,26,11.5,29,26,11.5,33,-12.1,January - January
2023-02-01,2023,2,Recreation and entertainment (tourism),29,28,3.6,29,27,7.4,33,-12.1,January - February
2023-03-01,2023,3,Recreation and entertainment (tourism),28,30,-6.7,28,28,0.0,33,-15.2,January - March
2023-04-01,2023,4,Recreation and entertainment (tourism),29,30,-3.3,28,28,0.0,32,-12.5,January - April
2023-05-01,2023,5,Recreation and entertainment (tourism),29,31,-6.5,28,29,-3.4,32,-12.5,January - May
2023-06-01,2023,6,Recreation and entertainment (tourism),30,30,0.0,29,29,0.0,32,-9.4,January - June
2023-07-01,2023,7,Recreation and entertainment (tourism),28,31,-9.7,28,29,-3.4,32,-12.5,January - July
2023-08-01,2023,8,Recreation and entertainment (tourism),29,30,-3.3,28,29,-3.4,32,-12.5,January - August
2023-09-01,2023,9,Recreation and entertainment (tourism),29,29,0.0,28,29,-3.4,32,-12.5,January - September
2023-10-01,2023,10,Recreation and entertainment (tourism),30,29,3.4,29,29,0.0,32,-9.4,January - October
2023-11-01,2023,11,Recreation and entertainment (tourism),29,28,3.6,29,29,0.0,32,-9.4,January - November
2023-12-01,2023,12,Recreation and entertainment (tourism),29,28,3.6,29,29,0.0,32,-9.4,January - December
2023-01-01,2023,1,Total Tourism industry,193,184,4.9,193,184,4.9,195,-1.0,January - January
2023-02-01,2023,2,Total Tourism industry,193,187,3.2,193,185,4.3,195,-1.0,January - February
2023-03-01,2023,3,Total Tourism industry,191,190,0.5,192,187,2.7,195,-1.5,January - March
2023-04-01,2023,4,Total Tourism industry,188,192,-2.1,191,188,1.6,197,-3.0,January - April
2023-05-01,2023,5,Total Tourism industry,190,195,-2.6,191,189,1.1,198,-3.5,January - May
2023-06-01,2023,6,Total Tourism industry,191,191,0.0,191,189,1.1,199,-4.0,January - June
2023-07-01,2023,7,Total Tourism industry,187,195,-4.1,190,190,0.0,199,-4.5,January - July
2023-08-01,2023,8,Total Tourism industry,188,196,-4.1,190,191,-0.5,200,-5.0,January - August
2023-09-01,2023,9,Total Tourism industry,189,195,-3.1,190,191,-0.5,200,-5.0,January - September
2023-10-01,2023,10,Total Tourism industry,193,190,1.6,190,191,-0.5,201,-5.5,January - October
2023-11-01,2023,11,Total Tourism industry,188,189,-0.5,190,191,-0.5,201,-5.5,January - November
2023-12-01,2023,12,Total Tourism industry,193,188,2.7,190,191,-0.5,201,-5.5,January - December
2024-01-01,2024,1,Accommodation (tourism),59,57,3.5,59,57,3.5,60,-1.7,January - January
2024-02-01,2024,2,Accommodation (tourism),56,57,-1.8,57,57,0.0,59,-3.4,January - February
2024-03-01,2024,3,Accommodation (tourism),57,60,-5.0,57,58,-1.7,60,-5.0,January - March
2024-04-01,2024,4,Accommodation (tourism),59,56,5.4,57,57,0.0,60,-5.0,January - April
2024-05-01,2024,5,Accommodation (tourism),58,55,5.5,57,57,0.0,61,-6.6,January - May
2024-06-01,2024,6,Accommodation (tourism),60,55,9.1,58,56,3.6,62,-6.5,January - June
2024-07-01,2024,7,Accommodation (tourism),56,56,0.0,57,56,1.8,62,-8.1,January - July
2024-08-01,2024,8,Accommodation (tourism),57,55,3.6,57,56,1.8,62,-8.1,January - August
2024-09-01,2024,9,Accommodation (tourism),58,55,5.5,57,56,1.8,62,-8.1,January - September
2024-10-01,2024,10,Accommodation (tourism),57,57,0.0,57,56,1.8,62,-8.1,January - October
2024-11-01,2024,11,Accommodation (tourism),59,55,7.3,57,56,1.8,62,-8.1,January - November
2024-12-01,2024,12,Accommodation (tourism),58,58,0.0,57,56,1.8,62,-8.1,January - December
2024-01-01,2024,1,Air transportation (tourism),13,15,-13.3,13,15,-13.3,16,-18.8,January - January
2024-02-01,2024,2,Air transportation (tourism),13,15,-13.3,13,15,-13.3,16,-18.8,January - February
2024-03-01,2024,3,Air transportation (tourism),13,15,-13.3,13,15,-13.3,16,-18.8,January - March
2024-04-01,2024,4,Air transportation (tourism),13,15,-13.3,13,15,-13.3,16,-18.8,January - April
2024-05-01,2024,5,Air transportation (tourism),13,15,-13.3,13,15,-13.3,16,-18.8,January - May
2024-06-01,2024,6,Air transportation (tourism),13,15,-13.3,13,15,-13.3,16,-18.8,January - June
2024-07-01,2024,7,Air transportation (tourism),14,14,0.0,13,14,-7.1,16,-18.8,January - July
2024-08-01,2024,8,Air transportation (tourism),13,14,-7.1,13,14,-7.1,16,-18.8,January - August
2024-09-01,2024,9,Air transportation (tourism),13,14,-7.1,13,14,-7.1,16,-18.8,January - September
2024-10-01,2024,10,Air transportation (tourism),13,14,-7.1,13,14,-7.1,16,-18.8,January - October
2024-11-01,2024,11,Air transportation (tourism),12,12,0.0,13,14,-7.1,16,-18.8,January - November
2024-12-01,2024,12,Air transportation (tourism),12,13,-7.7,12,14,-14.3,15,-20.0,January - December
2024-01-01,2024,1,Food and beverage services (tourism),66,67,-1.5,66,67,-1.5,69,-4.3,January - January
2024-02-01,2024,2,Food and beverage services (tourism),66,68,-2.9,66,67,-1.5,68,-2.9,January - February
2024-03-01,2024,3,Food and beverage services (tourism),67,64,4.7,66,66,0.0,68,-2.9,January - March
2024-04-01,2024,4,Food and beverage services (tourism),70,64,9.4,67,65,3.1,68,-1.5,January - April
2024-05-01,2024,5,Food and beverage services (tourism),67,63,6.3,67,65,3.1,69,-2.9,January - May
2024-06-01,2024,6,Food and beverage services (tourism),67,65,3.1,67,65,3.1,69,-2.9,January - June
2024-07-01,2024,7,Food and beverage services (tourism),67,63,6.3,67,64,4.7,69,-2.9,January - July
2024-08-01,2024,8,Food and beverage services (tourism),65,64,1.6,66,64,3.1,70,-5.7,January - August
2024-09-01,2024,9,Food and beverage services (tourism),65,65,0.0,66,64,3.1,70,-5.7,January - September
2024-10-01,2024,10,Food and beverage services (tourism),64,66,-3.0,66,64,3.1,70,-5.7,January - October
2024-11-01,2024,11,Food and beverage services (tourism),63,65,-3.1,66,64,3.1,70,-5.7,January - November
2024-12-01,2024,12,Food and beverage services (tourism),59,67,-11.9,65,65,0.0,70,-7.1,January - December
2024-01-01,2024,1,Recreation and entertainment (tourism),28,29,-3.4,28,29,-3.4,33,-15.2,January - January
2024-02-01,2024,2,Recreation and entertainment (tourism),28,29,-3.4,28,29,-3.4,33,-15.2,January - February
2024-03-01,2024,3,Recreation and entertainment (tourism),30,28,7.1,28,28,0.0,33,-15.2,January - March
2024-04-01,2024,4,Recreation and entertainment (tourism),30,29,3.4,29,28,3.6,32,-9.4,January - April
2024-05-01,2024,5,Recreation and entertainment (tourism),25,29,-13.8,28,28,0.0,32,-12.5,January - May
2024-06-01,2024,6,Recreation and entertainment (tourism),27,30,-10.0,28,29,-3.4,32,-12.5,January - June
2024-07-01,2024,7,Recreation and entertainment (tourism),28,28,0.0,28,28,0.0,32,-12.5,January - July
2024-08-01,2024,8,Recreation and entertainment (tourism),27,29,-6.9,27,28,-3.6,32,-15.6,January - August
2024-09-01,2024,9,Recreation and entertainment (tourism),28,29,-3.4,27,28,-3.6,32,-15.6,January - September
2024-10-01,2024,10,Recreation and entertainment (tourism),28,30,-6.7,27,29,-6.9,32,-15.6,January - October
2024-11-01,2024,11,Recreation and entertainment (tourism),27,29,-6.9,27,29,-6.9,32,-15.6,January - November
2024-12-01,2024,12,Recreation and entertainment (tourism),31,29,6.9,28,29,-3.4,32,-12.5,January - December
2024-01-01,2024,1,Total Tourism industry,192,193,-0.5,192,193,-0.5,195,-1.5,January - January
2024-02-01,2024,2,Total Tourism industry,185,193,-4.1,188,193,-2.6,195,-3.6,January - February
2024-03-01,2024,3,Total Tourism industry,191,191,0.0,189,192,-1.6,195,-3.1,January - March
2024-04-01,2024,4,Total Tourism industry,196,188,4.3,191,191,0.0,197,-3.0,January - April
2024-05-01,2024,5,Total Tourism industry,189,190,-0.5,190,191,-0.5,198,-4.0,January - May
2024-06-01,2024,6,Total Tourism industry,192,191,0.5,190,191,-0.5,199,-4.5,January - June
2024-07-01,2024,7,Total Tourism industry,192,187,2.7,191,190,0.5,199,-4.0,January - July
2024-08-01,2024,8,Total Tourism industry,189,188,0.5,190,190,0.0,200,-5.0,January - August
2024-09-01,2024,9,Total Tourism industry,191,189,1.1,190,190,0.0,200,-5.0,January - September
2024-10-01,2024,10,Total Tourism industry,192,193,-0.5,190,190,0.0,201,-5.5,January - October
2024-11-01,2024,11,Total Tourism industry,191,188,1.6,190,190,0.0,201,-5.5,January - November
2024-12-01,2024,12,Total Tourism industry,189,193,-2.1,190,190,0.0,201,-5.5,January - December
2025-01-01,2025,1,Accommodation (tourism),57,59,-3.4,57,59,-3.4,60,-5.0,January - January
2025-02-01,2025,2,Accommodation (tourism),60,56,7.1,58,57,1.8,59,-1.7,January - February
2025-01-01,2025,1,Air transportation (tourism),12,13,-7.7,12,13,-7.7,16,-25.0,January - January
2025-02-01,2025,2,Air transportation (tourism),12,13,-7.7,12,13,-7.7,16,-25.0,January - February
2025-01-01,2025,1,Food and beverage services (tourism),62,66,-6.1,62,66,-6.1,69,-10.1,January - January
2025-02-01,2025,2,Food and beverage services (tourism),66,66,0.0,64,66,-3.0,68,-5.9,January - February
2025-01-01,2025,1,Recreation and entertainment (tourism),30,28,7.1,30,28,7.1,33,-9.1,January - January
2025-02-01,2025,2,Recreation and entertainment (tourism),30,28,7.1,30,28,7.1,33,-9.1,January - February
2025-01-01,2025,1,Total Tourism industry,190,192,-1.0,190,192,-1.0,195,-2.6,January - January
2025-02-01,2025,2,Total Tourism industry,194,185,4.9,192,188,2.1,195,-1.5,January - February
